날짜,시간,이벤트,사용자,IP
-0.6859861420467938,1.5504582714209811,0.6004499016432946,-0.357030092291901,7.000000000000001
-0.021700013531100213,1.2575890736701458,-0.7113944527584128,-0.357030092291901,-0.142857142857143
-0.1324143682837158,1.2114119499060094,0.6004499016432946,-0.357030092291901,-0.142857142857143
-0.1324143682837158,1.5343519648019501,-1.7421293026454687,-0.357030092291901,-0.142857142857143
1.528300953005518,-0.4574470084442475,0.9752625743294967,-0.357030092291901,-0.142857142857143
-1.3502722705624872,-0.7671650021263384,-0.7113944527584128,-0.357030092291901,-0.142857142857143
-1.5717009800677184,0.529564024393083,0.6004499016432946,-0.357030092291901,-0.142857142857143
0.42115740547936215,0.7936046467327273,-1.7421293026454687,-0.357030092291901,-0.142857142857143
-0.021700013531100213,-0.49045922555701293,-1.7421293026454687,-0.357030092291901,-0.142857142857143
0.9747291792424401,-1.3580151509698646,0.6004499016432946,2.522244845546008,-0.142857142857143
-0.021700013531100213,-0.6272771599750571,0.6004499016432946,-0.357030092291901,-0.142857142857143
-0.7967004967994094,-0.5159180417819527,0.6004499016432946,-0.357030092291901,-0.142857142857143
-0.35384307778894697,-1.2100313195872086,0.9752625743294967,-0.357030092291901,-0.142857142857143
-1.0181292063046405,0.9477282935818578,0.6004499016432946,-0.357030092291901,-0.142857142857143
-1.0181292063046405,1.6859482922613924,-0.7113944527584128,2.522244845546008,-0.142857142857143
0.8640148244898246,-0.45182122404008246,0.9752625743294967,-0.357030092291901,-0.142857142857143
0.9747291792424401,0.6494617696767729,-0.7113944527584128,-0.357030092291901,-0.142857142857143
1.4175865982529026,1.116344760659992,-1.7421293026454687,-0.357030092291901,-0.142857142857143
0.753300469737209,1.1147598315512046,0.9752625743294967,-0.357030092291901,-0.142857142857143
0.753300469737209,1.344645945528507,0.6004499016432946,-0.357030092291901,-0.142857142857143
-0.021700013531100213,0.08636929819795965,0.6004499016432946,-0.357030092291901,-0.142857142857143
0.19972869597413098,-1.4900925767021655,0.9752625743294967,-0.357030092291901,-0.142857142857143
-1.6824153348203341,-1.218669897162132,0.9752625743294967,-0.357030092291901,-0.142857142857143
0.8640148244898246,-0.8789382008974144,0.9752625743294967,-0.357030092291901,-0.142857142857143
0.31044305072674655,-0.785827185416297,-1.7421293026454687,-0.357030092291901,-0.142857142857143
-1.2395579158098717,-1.21143062636794,0.6004499016432946,2.522244845546008,-0.142857142857143
-0.1324143682837158,0.10954353192374608,-0.7113944527584128,-0.357030092291901,-0.142857142857143
-1.5717009800677184,0.6249596223733536,-1.7421293026454687,-0.357030092291901,-0.142857142857143
1.528300953005518,-0.5028245283336802,-1.7421293026454687,5.401519783383916,-0.142857142857143
0.753300469737209,-0.5058658787856781,0.6004499016432946,-0.357030092291901,-0.142857142857143
1.1961578887476714,0.4024841228776799,-0.7113944527584128,-0.357030092291901,-0.142857142857143
0.19972869597413098,0.08382770016765158,-1.7421293026454687,-0.357030092291901,7.000000000000001
-0.7967004967994094,0.5465841640117752,0.9752625743294967,-0.357030092291901,-0.142857142857143
0.6425861149845934,0.36096183595556836,-1.7421293026454687,-0.357030092291901,-0.142857142857143
0.9747291792424401,0.540915543685751,-0.7113944527584128,-0.357030092291901,-0.142857142857143
-0.46455743254156256,-1.6169725772488928,0.9752625743294967,-0.357030092291901,-0.142857142857143
-1.2395579158098717,0.2539291458702356,0.9752625743294967,-0.357030092291901,-0.142857142857143
-0.907414851552025,-0.6031462573277502,-0.7113944527584128,-0.357030092291901,-0.142857142857143
-1.6824153348203341,-1.511596209475446,-1.7421293026454687,-0.357030092291901,-0.142857142857143
1.0854435339950557,0.8416522724180455,0.9752625743294967,-0.357030092291901,-0.142857142857143
1.6390153077581338,0.37396967756012256,0.9752625743294967,-0.357030092291901,-0.142857142857143
-1.3502722705624872,1.3701904335971649,0.6004499016432946,2.522244845546008,-0.142857142857143
-1.3502722705624872,1.2618441085748189,-0.7113944527584128,2.522244845546008,-0.142857142857143
0.08901434122151539,-0.7954652678346001,0.6004499016432946,-0.357030092291901,-0.142857142857143
0.6425861149845934,1.5543135043883023,0.9752625743294967,-0.357030092291901,-0.142857142857143
-0.907414851552025,-0.18456790756100377,0.6004499016432946,2.522244845546008,-0.142857142857143
-1.6824153348203341,1.2648569017455773,-0.7113944527584128,-0.357030092291901,-0.142857142857143
-1.2395579158098717,-1.437318720971724,0.6004499016432946,-0.357030092291901,-0.142857142857143
-1.460986625315103,-0.6301614453802381,-1.7421293026454687,-0.357030092291901,-0.142857142857143
-0.1324143682837158,-0.3345650272710386,0.9752625743294967,-0.357030092291901,-0.142857142857143
0.19972869597413098,-0.3463449057822979,0.6004499016432946,-0.357030092291901,-0.142857142857143
1.6390153077581338,0.39480221422427686,-0.7113944527584128,-0.357030092291901,-0.142857142857143
0.6425861149845934,-1.6413462167867345,0.9752625743294967,-0.357030092291901,-0.142857142857143
1.6390153077581338,-1.2283365368616745,0.6004499016432946,-0.357030092291901,-0.142857142857143
0.5318717602319778,1.2648854590268168,-0.7113944527584128,-0.357030092291901,-0.142857142857143
1.6390153077581338,-0.582013869210582,0.6004499016432946,-0.357030092291901,-0.142857142857143
0.19972869597413098,0.6337695436357136,0.6004499016432946,-0.357030092291901,-0.142857142857143
0.6425861149845934,-1.4642054012586345,0.6004499016432946,-0.357030092291901,-0.142857142857143
0.5318717602319778,-0.3116335304357872,0.6004499016432946,2.522244845546008,-0.142857142857143
0.42115740547936215,-0.3733172579129267,-1.7421293026454687,-0.357030092291901,-0.142857142857143
0.31044305072674655,1.1973189316143575,-0.7113944527584128,-0.357030092291901,-0.142857142857143
0.9747291792424401,1.5041383612506476,0.6004499016432946,-0.357030092291901,-0.142857142857143
1.1961578887476714,-0.47488122864091126,0.6004499016432946,-0.357030092291901,-0.142857142857143
-0.46455743254156256,-1.1774902976148935,0.6004499016432946,-0.357030092291901,-0.142857142857143
-0.35384307778894697,-0.033228595632716386,-0.7113944527584128,-0.357030092291901,-0.142857142857143
0.6425861149845934,-0.329995862272732,0.9752625743294967,-0.357030092291901,-0.142857142857143
-0.7967004967994094,0.3860922434462548,0.9752625743294967,-0.357030092291901,-0.142857142857143
0.08901434122151539,1.486161552710435,0.6004499016432946,2.522244845546008,-0.142857142857143
1.3068722435002869,0.40354074228353826,-1.7421293026454687,-0.357030092291901,-0.142857142857143
-0.1324143682837158,1.6358873782486953,-1.7421293026454687,-0.357030092291901,-0.142857142857143
1.6390153077581338,0.5533379610248972,0.9752625743294967,-0.357030092291901,-0.142857142857143
1.3068722435002869,-1.203006228402312,-0.7113944527584128,-0.357030092291901,-0.142857142857143
-0.5752717872941782,-1.0698150687016739,0.6004499016432946,-0.357030092291901,-0.142857142857143
-0.907414851552025,-0.7902678426490264,0.9752625743294967,-0.357030092291901,-0.142857142857143
1.4175865982529026,-1.4586224527763285,0.9752625743294967,-0.357030092291901,-0.142857142857143
-0.46455743254156256,-1.3524750384094177,0.9752625743294967,-0.357030092291901,-0.142857142857143
1.1961578887476714,1.2290175137901098,0.9752625743294967,-0.357030092291901,-0.142857142857143
-0.35384307778894697,0.8388536588565827,-1.7421293026454687,2.522244845546008,-0.142857142857143
1.3068722435002869,0.09213786900832176,0.9752625743294967,-0.357030092291901,-0.142857142857143
1.0854435339950557,-1.4658331662892812,0.6004499016432946,-0.357030092291901,-0.142857142857143
-0.2431287230363314,0.3674443387969159,0.6004499016432946,2.522244845546008,-0.142857142857143
-0.46455743254156256,1.096440335636119,0.9752625743294967,-0.357030092291901,-0.142857142857143
0.8640148244898246,-0.60021913600071,0.6004499016432946,-0.357030092291901,-0.142857142857143
-0.021700013531100213,-0.9417642196241305,0.6004499016432946,-0.357030092291901,-0.142857142857143
1.4175865982529026,-0.9232876586622281,0.6004499016432946,-0.357030092291901,-0.142857142857143
0.5318717602319778,1.392793521698163,0.6004499016432946,-0.357030092291901,-0.142857142857143
1.6390153077581338,1.5532854422636833,0.9752625743294967,-0.357030092291901,-0.142857142857143
-0.35384307778894697,-0.30770690426536745,0.6004499016432946,-0.357030092291901,-0.142857142857143
1.0854435339950557,-0.3730031278192931,-0.7113944527584128,-0.357030092291901,-0.142857142857143
1.4175865982529026,0.41964704890256915,-0.7113944527584128,-0.357030092291901,-0.142857142857143
0.31044305072674655,0.21530542299392486,-1.7421293026454687,-0.357030092291901,-0.142857142857143
1.528300953005518,1.1142600791295147,-0.7113944527584128,-0.357030092291901,-0.142857142857143
-1.1288435610572563,1.6956149319609348,0.6004499016432946,-0.357030092291901,-0.142857142857143
-0.6859861420467938,-1.465104955617676,0.6004499016432946,-0.357030092291901,-0.142857142857143
1.4175865982529026,-1.3241890513417758,-0.7113944527584128,-0.357030092291901,-0.142857142857143
1.528300953005518,-0.7333389024982497,-1.7421293026454687,-0.357030092291901,-0.142857142857143
0.9747291792424401,-0.7901964494459278,-0.7113944527584128,-0.357030092291901,-0.142857142857143
1.0854435339950557,-1.2216826903328903,0.9752625743294967,-0.357030092291901,-0.142857142857143
0.9747291792424401,-0.5959355438147975,0.6004499016432946,-0.357030092291901,-0.142857142857143
-0.1324143682837158,0.6730358053399111,0.6004499016432946,-0.357030092291901,-0.142857142857143
-0.907414851552025,0.05656977522462859,0.6004499016432946,-0.357030092291901,-0.142857142857143
1.1961578887476714,-0.9013985025922154,-1.7421293026454687,-0.357030092291901,-0.142857142857143
0.31044305072674655,-1.6150449607652322,-0.7113944527584128,-0.357030092291901,-0.142857142857143
0.5318717602319778,-0.9057820452624659,-0.7113944527584128,-0.357030092291901,-0.142857142857143
-1.3502722705624872,1.0872734483582662,0.9752625743294967,-0.357030092291901,-0.142857142857143
-0.907414851552025,0.08488431957350999,0.6004499016432946,-0.357030092291901,-0.142857142857143
0.31044305072674655,1.5301683231003758,-1.7421293026454687,-0.357030092291901,-0.142857142857143
-0.35384307778894697,-0.4398985591226261,0.6004499016432946,-0.357030092291901,-0.142857142857143
-0.2431287230363314,0.062209838269413335,0.6004499016432946,-0.357030092291901,-0.142857142857143
0.6425861149845934,-1.6571812292339911,0.9752625743294967,-0.357030092291901,-0.142857142857143
1.0854435339950557,0.5061184964955221,0.9752625743294967,-0.357030092291901,-0.142857142857143
-1.6824153348203341,1.5502440918116855,0.6004499016432946,-0.357030092291901,-0.142857142857143
-0.907414851552025,1.192150063710023,-1.7421293026454687,-0.357030092291901,-0.142857142857143
-1.0181292063046405,0.9829108640688189,-1.7421293026454687,-0.357030092291901,-0.142857142857143
0.31044305072674655,-1.0510386562867575,0.6004499016432946,-0.357030092291901,-0.142857142857143
-1.0181292063046405,1.3570540842270333,0.6004499016432946,-0.357030092291901,-0.142857142857143
-1.1288435610572563,-0.3590528959338382,-0.7113944527584128,-0.357030092291901,-0.142857142857143
-1.0181292063046405,-0.9418213341866094,-0.7113944527584128,-0.357030092291901,-0.142857142857143
0.08901434122151539,0.3791099881832175,0.6004499016432946,-0.357030092291901,-0.142857142857143
0.6425861149845934,0.788678515718928,0.6004499016432946,-0.357030092291901,-0.142857142857143
-1.0181292063046405,0.38032367263589273,0.9752625743294967,-0.357030092291901,-0.142857142857143
-0.6859861420467938,0.34474130021157984,-0.7113944527584128,2.522244845546008,-0.142857142857143
-0.2431287230363314,0.8087257271489984,-0.7113944527584128,-0.357030092291901,-0.142857142857143
-1.1288435610572563,1.5118773844665294,-0.7113944527584128,-0.357030092291901,-0.142857142857143
-0.6859861420467938,-1.3199482950777224,0.9752625743294967,2.522244845546008,-0.142857142857143
0.8640148244898246,-0.050834159516816614,0.6004499016432946,-0.357030092291901,-0.142857142857143
0.9747291792424401,0.08267113027745521,-1.7421293026454687,-0.357030092291901,-0.142857142857143
-0.6859861420467938,1.478965117838102,-1.7421293026454687,-0.357030092291901,-0.142857142857143
-1.1288435610572563,-1.6021941842074947,-0.7113944527584128,-0.357030092291901,-0.142857142857143
-0.907414851552025,-0.5998907272664566,-0.7113944527584128,-0.357030092291901,-0.142857142857143
0.753300469737209,1.6428696335117328,-1.7421293026454687,-0.357030092291901,-0.142857142857143
-0.5752717872941782,0.7847233322672689,0.6004499016432946,-0.357030092291901,-0.142857142857143
-1.6824153348203341,-0.5174601349688811,-1.7421293026454687,-0.357030092291901,-0.142857142857143
0.42115740547936215,0.7908060331712645,0.9752625743294967,2.522244845546008,-0.142857142857143
-0.2431287230363314,-1.2029062779179742,0.6004499016432946,-0.357030092291901,-0.142857142857143
-1.460986625315103,1.4803644246188334,0.6004499016432946,-0.357030092291901,-0.142857142857143
0.19972869597413098,0.2539719817920947,0.6004499016432946,-0.357030092291901,-0.142857142857143
-1.6824153348203341,-1.6315510693216149,-0.7113944527584128,-0.357030092291901,-0.142857142857143
-1.460986625315103,0.08501282733908735,0.6004499016432946,-0.357030092291901,-0.142857142857143
1.528300953005518,-0.4577754171785008,-1.7421293026454687,-0.357030092291901,7.000000000000001
1.0854435339950557,0.3482824030852675,-0.7113944527584128,-0.357030092291901,-0.142857142857143
-0.5752717872941782,1.514547490262415,0.9752625743294967,-0.357030092291901,-0.142857142857143
-0.46455743254156256,-1.4952186086846406,-1.7421293026454687,-0.357030092291901,-0.142857142857143
0.8640148244898246,0.384664379384284,0.6004499016432946,-0.357030092291901,-0.142857142857143
1.6390153077581338,0.8429373500738192,-0.7113944527584128,-0.357030092291901,-0.142857142857143
1.1961578887476714,-1.1910835634848558,0.9752625743294967,-0.357030092291901,7.000000000000001
-0.907414851552025,0.22063135594507602,-0.7113944527584128,-0.357030092291901,-0.142857142857143
-0.6859861420467938,1.254704788264965,-0.7113944527584128,-0.357030092291901,-0.142857142857143
1.528300953005518,1.0807481095950595,0.9752625743294967,-0.357030092291901,-0.142857142857143
1.0854435339950557,0.20670968134086048,-0.7113944527584128,-0.357030092291901,-0.142857142857143
-0.46455743254156256,1.0778638241898786,0.9752625743294967,-0.357030092291901,-0.142857142857143
-0.2431287230363314,1.6513225887585998,0.9752625743294967,-0.357030092291901,-0.142857142857143
0.753300469737209,-1.008245570349492,-1.7421293026454687,-0.357030092291901,-0.142857142857143
0.6425861149845934,1.6973569261165393,0.6004499016432946,-0.357030092291901,-0.142857142857143
0.08901434122151539,0.4861141209873109,0.6004499016432946,2.522244845546008,-0.142857142857143
0.5318717602319778,0.6202048350469908,0.6004499016432946,-0.357030092291901,-0.142857142857143
-1.460986625315103,-0.6006189379380618,-1.7421293026454687,-0.357030092291901,-0.142857142857143
0.753300469737209,-0.7371227422624723,-1.7421293026454687,-0.357030092291901,-0.142857142857143
-1.2395579158098717,-0.29604125487906585,0.6004499016432946,-0.357030092291901,-0.142857142857143
-0.35384307778894697,-0.3145749304034471,-1.7421293026454687,-0.357030092291901,-0.142857142857143
-1.3502722705624872,-1.0772542404645418,-0.7113944527584128,-0.357030092291901,-0.142857142857143
0.31044305072674655,0.5588780735853439,-0.7113944527584128,-0.357030092291901,7.000000000000001
-0.46455743254156256,-0.8816083066932998,0.6004499016432946,-0.357030092291901,-0.142857142857143
0.19972869597413098,0.23512417617407985,0.6004499016432946,-0.357030092291901,-0.142857142857143
-1.6824153348203341,-1.0510386562867575,-1.7421293026454687,5.401519783383916,-0.142857142857143
0.5318717602319778,0.05081548305488618,-1.7421293026454687,-0.357030092291901,-0.142857142857143
-0.1324143682837158,-0.6602750984472028,0.9752625743294967,-0.357030092291901,-0.142857142857143
-0.021700013531100213,0.47788962399035895,0.6004499016432946,-0.357030092291901,-0.142857142857143
-1.6824153348203341,1.3642933550212253,0.6004499016432946,-0.357030092291901,-0.142857142857143
1.6390153077581338,-0.9058819957468037,0.6004499016432946,-0.357030092291901,-0.142857142857143
0.42115740547936215,0.5561936891488388,0.9752625743294967,-0.357030092291901,-0.142857142857143
1.528300953005518,-0.03352844708573026,0.6004499016432946,-0.357030092291901,-0.142857142857143
-0.2431287230363314,-0.49454291677424944,0.9752625743294967,-0.357030092291901,-0.142857142857143
-1.2395579158098717,0.07657415073283981,0.6004499016432946,-0.357030092291901,-0.142857142857143
0.9747291792424401,1.5157754533557097,0.6004499016432946,-0.357030092291901,-0.142857142857143
0.5318717602319778,-1.0445418748047903,0.6004499016432946,-0.357030092291901,-0.142857142857143
0.5318717602319778,0.38797702400805634,0.6004499016432946,-0.357030092291901,-0.142857142857143
-0.2431287230363314,1.5389211298002567,-1.7421293026454687,-0.357030092291901,-0.142857142857143
0.31044305072674655,0.8144371833968816,0.9752625743294967,-0.357030092291901,-0.142857142857143
-0.7967004967994094,0.38387905415020007,0.6004499016432946,-0.357030092291901,-0.142857142857143
0.6425861149845934,1.0759647649874573,0.6004499016432946,-0.357030092291901,-0.142857142857143
-1.6824153348203341,1.243496055378494,-0.7113944527584128,-0.357030092291901,-0.142857142857143
-1.1288435610572563,-1.3138798728143464,-0.7113944527584128,-0.357030092291901,-0.142857142857143
-1.5717009800677184,-0.07086709230626724,-1.7421293026454687,-0.357030092291901,-0.142857142857143
-0.021700013531100213,1.0573739749005973,0.9752625743294967,-0.357030092291901,-0.142857142857143
-1.6824153348203341,-1.2155000389445567,0.6004499016432946,-0.357030092291901,-0.142857142857143
0.31044305072674655,0.10920084454887308,0.6004499016432946,-0.357030092291901,-0.142857142857143
-1.1288435610572563,-1.4998448882454263,-1.7421293026454687,-0.357030092291901,-0.142857142857143
-0.1324143682837158,-0.7530148692722076,0.9752625743294967,-0.357030092291901,-0.142857142857143
0.31044305072674655,-0.44643817652645246,-1.7421293026454687,-0.357030092291901,-0.142857142857143
0.5318717602319778,1.5490732432808694,0.6004499016432946,-0.357030092291901,-0.142857142857143
-1.2395579158098717,0.27474740389377017,0.6004499016432946,2.522244845546008,-0.142857142857143
0.42115740547936215,-1.4868513252814917,0.6004499016432946,-0.357030092291901,-0.142857142857143
0.753300469737209,-0.6384002210178098,0.9752625743294967,-0.357030092291901,-0.142857142857143
-0.907414851552025,1.4862329459135335,0.6004499016432946,-0.357030092291901,-0.142857142857143
-0.7967004967994094,1.398619207071004,0.9752625743294967,-0.357030092291901,-0.142857142857143
-1.1288435610572563,0.8445793937450857,-1.7421293026454687,-0.357030092291901,-0.142857142857143
1.0854435339950557,-1.064660479437959,0.9752625743294967,-0.357030092291901,-0.142857142857143
-0.46455743254156256,0.35465067680165735,-0.7113944527584128,2.522244845546008,-0.142857142857143
-1.2395579158098717,-1.467946405100998,-0.7113944527584128,-0.357030092291901,-0.142857142857143
0.19972869597413098,1.522814823181226,-0.7113944527584128,-0.357030092291901,-0.142857142857143
-0.5752717872941782,-0.7900964989615898,-0.7113944527584128,-0.357030092291901,-0.142857142857143
-0.6859861420467938,-0.8842641338485655,-1.7421293026454687,-0.357030092291901,-0.142857142857143
-1.0181292063046405,-0.17601500182979857,-1.7421293026454687,2.522244845546008,-0.142857142857143
0.42115740547936215,1.2102553800158131,0.6004499016432946,-0.357030092291901,-0.142857142857143
0.42115740547936215,-0.86838628547945,0.6004499016432946,-0.357030092291901,-0.142857142857143
-1.2395579158098717,-0.036455568412770444,-1.7421293026454687,-0.357030092291901,-0.142857142857143
-1.6824153348203341,-1.1858147450961833,0.6004499016432946,-0.357030092291901,-0.142857142857143
-0.5752717872941782,-0.038026218880938344,0.9752625743294967,-0.357030092291901,-0.142857142857143
-0.5752717872941782,-1.605749565721802,0.6004499016432946,-0.357030092291901,7.000000000000001
0.9747291792424401,-0.4945857526961086,0.6004499016432946,-0.357030092291901,-0.142857142857143
-0.2431287230363314,0.07913002740376758,-0.7113944527584128,-0.357030092291901,-0.142857142857143
0.42115740547936215,0.4046401976112558,0.9752625743294967,2.522244845546008,-0.142857142857143
0.42115740547936215,-1.4696312846941235,0.9752625743294967,-0.357030092291901,-0.142857142857143
-0.1324143682837158,1.2135537459989658,0.6004499016432946,2.522244845546008,-0.142857142857143
-0.6859861420467938,-0.6172249969787824,0.9752625743294967,-0.357030092291901,-0.142857142857143
0.08901434122151539,0.6476626609586896,-1.7421293026454687,-0.357030092291901,-0.142857142857143
-0.5752717872941782,1.6574766828656942,0.9752625743294967,2.522244845546008,-0.142857142857143
-0.6859861420467938,0.05411384903803878,-1.7421293026454687,-0.357030092291901,-0.142857142857143
-1.3502722705624872,-0.3774866209738815,0.6004499016432946,-0.357030092291901,-0.142857142857143
0.19972869597413098,1.662916844941803,0.6004499016432946,-0.357030092291901,-0.142857142857143
-0.907414851552025,0.36651622715663484,0.6004499016432946,2.522244845546008,-0.142857142857143
-1.1288435610572563,-1.2971310273674286,0.6004499016432946,-0.357030092291901,-0.142857142857143
1.6390153077581338,-0.6588329557446122,0.6004499016432946,-0.357030092291901,-0.142857142857143
-0.35384307778894697,0.3382159614483732,0.6004499016432946,-0.357030092291901,-0.142857142857143
1.0854435339950557,0.8037139242914808,0.6004499016432946,-0.357030092291901,-0.142857142857143
-0.1324143682837158,1.0692680825368142,0.6004499016432946,-0.357030092291901,-0.142857142857143
0.6425861149845934,1.2362282273030623,-0.7113944527584128,-0.357030092291901,-0.142857142857143
0.9747291792424401,0.7701448401945468,0.6004499016432946,-0.357030092291901,-0.142857142857143
0.19972869597413098,-0.7947941717254738,0.9752625743294967,-0.357030092291901,-0.142857142857143
1.3068722435002869,-0.8926456958923342,-1.7421293026454687,-0.357030092291901,-0.142857142857143
0.8640148244898246,-1.0915757170061091,-1.7421293026454687,2.522244845546008,-0.142857142857143
-1.460986625315103,-0.20327292677282155,0.9752625743294967,-0.357030092291901,-0.142857142857143
1.1961578887476714,0.5181411118973164,-1.7421293026454687,-0.357030092291901,-0.142857142857143
-0.2431287230363314,-1.0313341322315601,0.6004499016432946,-0.357030092291901,-0.142857142857143
0.8640148244898246,-1.6567814272966392,0.6004499016432946,-0.357030092291901,-0.142857142857143
-1.6824153348203341,0.27039241850475915,-1.7421293026454687,-0.357030092291901,-0.142857142857143
0.9747291792424401,0.9073054619874639,0.6004499016432946,-0.357030092291901,-0.142857142857143
-0.7967004967994094,-1.3395243113673423,0.6004499016432946,-0.357030092291901,-0.142857142857143
0.5318717602319778,-0.051862221641435606,-1.7421293026454687,-0.357030092291901,-0.142857142857143
0.9747291792424401,-1.0915471597248698,-0.7113944527584128,2.522244845546008,-0.142857142857143
-0.7967004967994094,-1.440831266564172,-0.7113944527584128,-0.357030092291901,-0.142857142857143
0.9747291792424401,-1.1611412541053276,-0.7113944527584128,-0.357030092291901,-0.142857142857143
-1.0181292063046405,-1.4785411564408215,0.6004499016432946,-0.357030092291901,-0.142857142857143
1.6390153077581338,0.0805721701063581,-0.7113944527584128,-0.357030092291901,-0.142857142857143
-0.2431287230363314,-0.7828143922455386,0.6004499016432946,-0.357030092291901,-0.142857142857143
1.3068722435002869,-0.3748736297404749,0.6004499016432946,-0.357030092291901,-0.142857142857143
1.3068722435002869,-1.4380612102839487,0.6004499016432946,-0.357030092291901,-0.142857142857143
-0.7967004967994094,-0.020749063731091404,0.9752625743294967,2.522244845546008,-0.142857142857143
0.31044305072674655,1.5041811971725068,-1.7421293026454687,-0.357030092291901,-0.142857142857143
0.5318717602319778,0.2166047792903183,0.6004499016432946,2.522244845546008,-0.142857142857143
-1.1288435610572563,-1.212458688492559,-1.7421293026454687,-0.357030092291901,-0.142857142857143
0.5318717602319778,-0.8840642328798897,0.6004499016432946,-0.357030092291901,-0.142857142857143
-1.0181292063046405,0.6907413197083494,0.9752625743294967,-0.357030092291901,-0.142857142857143
0.9747291792424401,-0.6541352829807282,0.9752625743294967,-0.357030092291901,-0.142857142857143
-0.021700013531100213,-0.7288554093436613,0.6004499016432946,-0.357030092291901,-0.142857142857143
-0.2431287230363314,-0.5963067884709099,-1.7421293026454687,-0.357030092291901,-0.142857142857143
0.9747291792424401,0.6374962688374574,-0.7113944527584128,-0.357030092291901,-0.142857142857143
-0.1324143682837158,-1.3695665712312084,0.6004499016432946,2.522244845546008,-0.142857142857143
1.1961578887476714,-0.7287126229374642,0.9752625743294967,-0.357030092291901,-0.142857142857143
-0.021700013531100213,-0.7443762916972841,0.6004499016432946,-0.357030092291901,-0.142857142857143
-0.1324143682837158,0.6836448353203544,-0.7113944527584128,-0.357030092291901,-0.142857142857143
0.8640148244898246,1.6641305293944781,-0.7113944527584128,-0.357030092291901,-0.142857142857143
0.5318717602319778,0.91728623178064,0.6004499016432946,-0.357030092291901,-0.142857142857143
0.42115740547936215,-0.31921548860485227,0.9752625743294967,-0.357030092291901,-0.142857142857143
-0.7967004967994094,0.9372049354451328,0.6004499016432946,-0.357030092291901,-0.142857142857143
-0.6859861420467938,0.9771565718990765,-0.7113944527584128,-0.357030092291901,-0.142857142857143
-1.0181292063046405,0.9528828828455725,-0.7113944527584128,-0.357030092291901,-0.142857142857143
-0.021700013531100213,1.482934579930381,0.6004499016432946,-0.357030092291901,-0.142857142857143
0.753300469737209,0.6816172683523558,-1.7421293026454687,-0.357030092291901,-0.142857142857143
-1.3502722705624872,-1.4587224032606665,0.6004499016432946,-0.357030092291901,-0.142857142857143
-0.46455743254156256,-0.8030472260036652,0.6004499016432946,-0.357030092291901,-0.142857142857143
-0.1324143682837158,0.3890622006951541,0.6004499016432946,-0.357030092291901,-0.142857142857143
0.6425861149845934,-1.6371625750851602,0.6004499016432946,-0.357030092291901,-0.142857142857143
1.4175865982529026,-0.3013957451114564,0.6004499016432946,-0.357030092291901,-0.142857142857143
1.0854435339950557,1.659832658567946,0.6004499016432946,-0.357030092291901,-0.142857142857143
-1.6824153348203341,1.6443546121361823,0.6004499016432946,-0.357030092291901,-0.142857142857143
0.8640148244898246,-0.4427685658871875,0.9752625743294967,-0.357030092291901,-0.142857142857143
1.3068722435002869,-0.04937773817360638,0.6004499016432946,-0.357030092291901,-0.142857142857143
-0.46455743254156256,1.270654029837179,0.6004499016432946,-0.357030092291901,-0.142857142857143
1.3068722435002869,-0.36355066772904626,0.6004499016432946,-0.357030092291901,-0.142857142857143
1.0854435339950557,-0.6261634260067198,-1.7421293026454687,-0.357030092291901,7.000000000000001
-0.907414851552025,-1.2286221096740686,-1.7421293026454687,-0.357030092291901,-0.142857142857143
-1.2395579158098717,-1.3044845272865784,-1.7421293026454687,-0.357030092291901,-0.142857142857143
1.528300953005518,0.9692747622769975,-0.7113944527584128,-0.357030092291901,-0.142857142857143
0.8640148244898246,-1.6399897459278623,-1.7421293026454687,-0.357030092291901,-0.142857142857143
-1.3502722705624872,-0.79302362028863,0.6004499016432946,-0.357030092291901,-0.142857142857143
-1.0181292063046405,-1.087277846179577,-0.7113944527584128,-0.357030092291901,-0.142857142857143
1.3068722435002869,1.1062925976637177,-0.7113944527584128,-0.357030092291901,-0.142857142857143
1.3068722435002869,-0.46867001997133817,-1.7421293026454687,-0.357030092291901,-0.142857142857143
-1.460986625315103,-1.0827229598218902,-0.7113944527584128,2.522244845546008,-0.142857142857143
0.753300469737209,-0.17724296492309347,0.6004499016432946,-0.357030092291901,-0.142857142857143
0.5318717602319778,-1.6299661402128272,0.6004499016432946,-0.357030092291901,-0.142857142857143
0.8640148244898246,1.0506058992468554,0.6004499016432946,-0.357030092291901,-0.142857142857143
-0.907414851552025,1.200317446144496,0.6004499016432946,-0.357030092291901,-0.142857142857143
0.08901434122151539,-0.9487179176059284,0.9752625743294967,2.522244845546008,-0.142857142857143
-1.1288435610572563,-0.7943800911475023,-0.7113944527584128,-0.357030092291901,-0.142857142857143
0.8640148244898246,0.12402207351213021,0.6004499016432946,-0.357030092291901,-0.142857142857143
0.42115740547936215,-1.233833813500262,0.6004499016432946,-0.357030092291901,-0.142857142857143
-0.7967004967994094,-0.7459326635248323,0.9752625743294967,-0.357030092291901,-0.142857142857143
-1.2395579158098717,-1.3443790491780432,0.6004499016432946,-0.357030092291901,-0.142857142857143
1.3068722435002869,1.5528285257638526,0.6004499016432946,-0.357030092291901,-0.142857142857143
1.6390153077581338,-1.629623452837954,0.6004499016432946,2.522244845546008,-0.142857142857143
-0.6859861420467938,-1.6194713393573417,0.6004499016432946,-0.357030092291901,-0.142857142857143
1.0854435339950557,0.062666754769244,0.6004499016432946,-0.357030092291901,-0.142857142857143
-1.1288435610572563,-1.626510709182858,-1.7421293026454687,-0.357030092291901,-0.142857142857143
0.42115740547936215,0.21761856277431757,0.9752625743294967,-0.357030092291901,-0.142857142857143
0.31044305072674655,1.508964541780109,0.9752625743294967,-0.357030092291901,-0.142857142857143
-0.5752717872941782,0.5217964438959617,0.6004499016432946,-0.357030092291901,-0.142857142857143
1.3068722435002869,1.375759103438851,-1.7421293026454687,-0.357030092291901,-0.142857142857143
-1.5717009800677184,1.3716325762997554,-1.7421293026454687,-0.357030092291901,7.000000000000001
-0.021700013531100213,-0.34874371740640886,0.6004499016432946,-0.357030092291901,-0.142857142857143
1.1961578887476714,-0.043480659597666886,-1.7421293026454687,-0.357030092291901,-0.142857142857143
-1.6824153348203341,-0.19163583466775935,0.9752625743294967,-0.357030092291901,-0.142857142857143
1.6390153077581338,1.3488581445113208,-0.7113944527584128,-0.357030092291901,-0.142857142857143
-0.46455743254156256,1.4862757818353927,-1.7421293026454687,-0.357030092291901,-0.142857142857143
-1.3502722705624872,-0.6148547426359109,0.6004499016432946,-0.357030092291901,-0.142857142857143
-0.35384307778894697,-1.205747727401296,0.9752625743294967,-0.357030092291901,-0.142857142857143
-1.6824153348203341,0.5051189916521425,-0.7113944527584128,-0.357030092291901,-0.142857142857143
0.19972869597413098,-0.03015868789947912,-0.7113944527584128,-0.357030092291901,-0.142857142857143
1.0854435339950557,-1.4953185591689786,0.6004499016432946,-0.357030092291901,-0.142857142857143
-1.1288435610572563,1.6511940809930226,0.6004499016432946,-0.357030092291901,-0.142857142857143
-1.1288435610572563,0.5092597974318579,-1.7421293026454687,-0.357030092291901,-0.142857142857143
-1.460986625315103,-0.037569302381107686,-0.7113944527584128,-0.357030092291901,-0.142857142857143
1.0854435339950557,-1.601551645379608,-1.7421293026454687,-0.357030092291901,-0.142857142857143
-1.2395579158098717,-1.062561519266862,-0.7113944527584128,-0.357030092291901,-0.142857142857143
0.9747291792424401,1.2547333455462042,0.9752625743294967,-0.357030092291901,-0.142857142857143
1.3068722435002869,-1.0741272181688257,0.6004499016432946,-0.357030092291901,-0.142857142857143
-0.7967004967994094,-1.6450586633478588,0.6004499016432946,-0.357030092291901,-0.142857142857143
1.6390153077581338,-0.0760074029293622,0.6004499016432946,2.522244845546008,-0.142857142857143
1.1961578887476714,1.5418910870491562,-1.7421293026454687,2.522244845546008,-0.142857142857143
1.6390153077581338,0.6221038942494119,0.6004499016432946,2.522244845546008,-0.142857142857143
-1.460986625315103,1.2656707842609007,-1.7421293026454687,-0.357030092291901,-0.142857142857143
-0.7967004967994094,1.5204588474789742,0.6004499016432946,-0.357030092291901,-0.142857142857143
-1.5717009800677184,0.3536368933176581,-0.7113944527584128,-0.357030092291901,-0.142857142857143
-0.5752717872941782,-1.0856358025083106,-0.7113944527584128,-0.357030092291901,-0.142857142857143
1.1961578887476714,1.0858598629369152,0.6004499016432946,-0.357030092291901,-0.142857142857143
1.1961578887476714,0.8280447279074635,0.6004499016432946,-0.357030092291901,-0.142857142857143
1.6390153077581338,-1.1883277858452521,-1.7421293026454687,-0.357030092291901,-0.142857142857143
0.08901434122151539,-1.2328200300162628,-0.7113944527584128,-0.357030092291901,-0.142857142857143
1.528300953005518,-0.31711652843375515,0.6004499016432946,-0.357030092291901,-0.142857142857143
-1.0181292063046405,-0.6033176010151866,0.9752625743294967,-0.357030092291901,-0.142857142857143
0.8640148244898246,-1.207275541947605,-1.7421293026454687,-0.357030092291901,-0.142857142857143
0.753300469737209,0.7793973993161176,-0.7113944527584128,-0.357030092291901,-0.142857142857143
0.31044305072674655,-0.5086644923471408,0.6004499016432946,-0.357030092291901,-0.142857142857143
0.9747291792424401,0.051286678195336555,-1.7421293026454687,-0.357030092291901,-0.142857142857143
1.528300953005518,-1.235604364937106,-1.7421293026454687,-0.357030092291901,7.000000000000001
-0.6859861420467938,0.9058204833630142,-1.7421293026454687,-0.357030092291901,-0.142857142857143
0.6425861149845934,0.5263656088942683,-1.7421293026454687,-0.357030092291901,-0.142857142857143
-0.1324143682837158,1.1989324180043845,-1.7421293026454687,-0.357030092291901,-0.142857142857143
-1.2395579158098717,-1.4711448205998128,0.9752625743294967,-0.357030092291901,-0.142857142857143
0.8640148244898246,-0.6174534552286978,0.9752625743294967,-0.357030092291901,-0.142857142857143
-0.6859861420467938,1.6501660188684035,0.9752625743294967,-0.357030092291901,-0.142857142857143
-0.35384307778894697,-0.16731930969239625,0.9752625743294967,-0.357030092291901,-0.142857142857143
-0.5752717872941782,0.8430373005581572,-0.7113944527584128,-0.357030092291901,-0.142857142857143
-0.6859861420467938,1.6870334689484903,0.6004499016432946,-0.357030092291901,-0.142857142857143
1.6390153077581338,-1.0696008890923783,-1.7421293026454687,-0.357030092291901,-0.142857142857143
1.528300953005518,-1.0413006233841164,0.6004499016432946,-0.357030092291901,-0.142857142857143
1.1961578887476714,0.09636434663175539,0.6004499016432946,-0.357030092291901,-0.142857142857143
-0.5752717872941782,-0.07086709230626724,0.6004499016432946,-0.357030092291901,-0.142857142857143
-1.0181292063046405,0.8305863259377716,0.9752625743294967,-0.357030092291901,-0.142857142857143
-1.3502722705624872,1.120071485861736,0.6004499016432946,-0.357030092291901,-0.142857142857143
-1.1288435610572563,1.5505011073428403,0.9752625743294967,-0.357030092291901,-0.142857142857143
0.8640148244898246,-0.8886476765188159,0.9752625743294967,2.522244845546008,-0.142857142857143
0.753300469737209,1.1988467461606662,0.6004499016432946,-0.357030092291901,-0.142857142857143
0.8640148244898246,-0.8818082076619758,-1.7421293026454687,-0.357030092291901,-0.142857142857143
-0.2431287230363314,0.5449421203405087,0.6004499016432946,-0.357030092291901,-0.142857142857143
0.5318717602319778,1.1930067821472057,-0.7113944527584128,-0.357030092291901,-0.142857142857143
-0.021700013531100213,-0.5017821875684415,-0.7113944527584128,-0.357030092291901,-0.142857142857143
-1.3502722705624872,1.1190005878152578,0.6004499016432946,-0.357030092291901,-0.142857142857143
0.6425861149845934,0.7960605729193172,-0.7113944527584128,-0.357030092291901,-0.142857142857143
-0.46455743254156256,0.6462062396154794,-0.7113944527584128,5.401519783383916,-0.142857142857143
0.31044305072674655,-0.46719931998750824,-0.7113944527584128,-0.357030092291901,-0.142857142857143
0.19972869597413098,0.6708797306063352,0.6004499016432946,-0.357030092291901,-0.142857142857143
1.4175865982529026,-0.1818264085620198,0.9752625743294967,-0.357030092291901,-0.142857142857143
0.42115740547936215,-0.5003543235064707,0.9752625743294967,-0.357030092291901,-0.142857142857143
-0.2431287230363314,1.2277752720561952,0.6004499016432946,-0.357030092291901,-0.142857142857143
-0.021700013531100213,-0.9126929073224046,0.6004499016432946,-0.357030092291901,-0.142857142857143
-0.1324143682837158,-1.4566805576520483,0.6004499016432946,-0.357030092291901,-0.142857142857143
0.9747291792424401,-1.4530252256534029,0.9752625743294967,-0.357030092291901,-0.142857142857143
-1.2395579158098717,-0.7817720514802999,-0.7113944527584128,-0.357030092291901,-0.142857142857143
0.19972869597413098,0.47786106670911954,0.9752625743294967,-0.357030092291901,-0.142857142857143
-1.5717009800677184,-0.9090375753237593,-1.7421293026454687,-0.357030092291901,-0.142857142857143
0.5318717602319778,1.0573025816974988,0.6004499016432946,2.522244845546008,-0.142857142857143
0.753300469737209,-1.0401440534939201,0.6004499016432946,-0.357030092291901,7.000000000000001
-1.6824153348203341,-0.2203930168758517,-0.7113944527584128,-0.357030092291901,-0.142857142857143
-1.6824153348203341,1.3720038209558678,0.6004499016432946,-0.357030092291901,-0.142857142857143
0.5318717602319778,0.5090170605413229,0.9752625743294967,-0.357030092291901,-0.142857142857143
-0.35384307778894697,0.6551875045652759,-0.7113944527584128,-0.357030092291901,-0.142857142857143
0.42115740547936215,0.483758145285059,0.6004499016432946,-0.357030092291901,-0.142857142857143
-1.6824153348203341,-0.010911080344112442,0.6004499016432946,2.522244845546008,-0.142857142857143
-0.2431287230363314,0.36638771939105746,-1.7421293026454687,-0.357030092291901,-0.142857142857143
0.753300469737209,1.1287528993585185,0.6004499016432946,-0.357030092291901,-0.142857142857143
-1.6824153348203341,1.47710889455754,0.6004499016432946,-0.357030092291901,-0.142857142857143
-0.2431287230363314,-0.5187594912652747,0.9752625743294967,-0.357030092291901,-0.142857142857143
-0.2431287230363314,-1.4509119868416862,-1.7421293026454687,-0.357030092291901,-0.142857142857143
-0.1324143682837158,0.4922111005319263,0.9752625743294967,-0.357030092291901,-0.142857142857143
-0.021700013531100213,1.697371204757159,0.6004499016432946,-0.357030092291901,-0.142857142857143
0.753300469737209,-0.09371291729780039,0.6004499016432946,2.522244845546008,-0.142857142857143
-1.3502722705624872,-1.168566147227576,-0.7113944527584128,-0.357030092291901,-0.142857142857143
0.8640148244898246,-0.6104569213250408,0.9752625743294967,-0.357030092291901,-0.142857142857143
0.19972869597413098,1.1964479345365553,0.6004499016432946,-0.357030092291901,-0.142857142857143
0.19972869597413098,-1.6137170471875992,0.6004499016432946,-0.357030092291901,-0.142857142857143
1.3068722435002869,-0.8829362202709327,0.6004499016432946,-0.357030092291901,-0.142857142857143
-1.1288435610572563,1.5286976231165457,-1.7421293026454687,-0.357030092291901,-0.142857142857143
-0.021700013531100213,0.22821331411414106,0.9752625743294967,-0.357030092291901,-0.142857142857143
0.6425861149845934,-1.0297920390446318,0.6004499016432946,-0.357030092291901,-0.142857142857143
-0.46455743254156256,-0.7284698860469292,-0.7113944527584128,-0.357030092291901,-0.142857142857143
-0.2431287230363314,0.516056430366839,-1.7421293026454687,-0.357030092291901,7.000000000000001
-1.2395579158098717,0.13364587728981356,-1.7421293026454687,-0.357030092291901,-0.142857142857143
-0.2431287230363314,1.1293240449833069,-1.7421293026454687,-0.357030092291901,-0.142857142857143
0.31044305072674655,-0.6413558996260893,0.6004499016432946,-0.357030092291901,-0.142857142857143
0.19972869597413098,-0.20507203549090477,0.6004499016432946,-0.357030092291901,-0.142857142857143
-0.6859861420467938,-0.8030186687224258,0.6004499016432946,2.522244845546008,-0.142857142857143
-1.6824153348203341,-1.0475118320536896,-0.7113944527584128,-0.357030092291901,-0.142857142857143
0.6425861149845934,0.25107341774629394,-1.7421293026454687,2.522244845546008,-0.142857142857143
-0.1324143682837158,0.5419150485291306,-0.7113944527584128,-0.357030092291901,-0.142857142857143
0.9747291792424401,1.5043953767818024,0.6004499016432946,-0.357030092291901,-0.142857142857143
0.31044305072674655,-0.44029836105997794,0.9752625743294967,-0.357030092291901,-0.142857142857143
-0.5752717872941782,0.25337227888606695,-0.7113944527584128,-0.357030092291901,-0.142857142857143
0.19972869597413098,-0.4989550167257393,0.6004499016432946,2.522244845546008,-0.142857142857143
1.4175865982529026,-1.367139202325858,-1.7421293026454687,-0.357030092291901,-0.142857142857143
0.19972869597413098,0.35779197773799315,0.6004499016432946,-0.357030092291901,-0.142857142857143
1.3068722435002869,0.7845805458610717,0.6004499016432946,-0.357030092291901,-0.142857142857143
-1.1288435610572563,1.5187739678858485,0.9752625743294967,-0.357030092291901,-0.142857142857143
0.31044305072674655,-0.8828791057084538,0.6004499016432946,-0.357030092291901,-0.142857142857143
0.9747291792424401,-1.2139436671170085,-1.7421293026454687,2.522244845546008,-0.142857142857143
0.9747291792424401,-1.5010442940574817,-0.7113944527584128,-0.357030092291901,-0.142857142857143
-1.460986625315103,1.5284548862260108,0.9752625743294967,-0.357030092291901,-0.142857142857143
-1.3502722705624872,-0.01035421335994382,0.6004499016432946,-0.357030092291901,-0.142857142857143
-1.0181292063046405,-1.2173134263032597,0.6004499016432946,2.522244845546008,-0.142857142857143
-0.46455743254156256,-1.3587861975633286,0.9752625743294967,-0.357030092291901,7.000000000000001
0.9747291792424401,1.1990609257699618,0.6004499016432946,-0.357030092291901,-0.142857142857143
-1.3502722705624872,-1.338025054102273,0.9752625743294967,-0.357030092291901,-0.142857142857143
-0.021700013531100213,-1.1944818799523462,0.9752625743294967,-0.357030092291901,-0.142857142857143
-0.021700013531100213,-0.7686785380320276,-1.7421293026454687,-0.357030092291901,-0.142857142857143
-1.5717009800677184,1.5561554490282448,0.6004499016432946,-0.357030092291901,-0.142857142857143
-0.7967004967994094,-1.233148438750516,0.6004499016432946,-0.357030092291901,-0.142857142857143
1.6390153077581338,0.9536824867202761,-0.7113944527584128,-0.357030092291901,-0.142857142857143
-1.0181292063046405,-0.7405067800893432,0.6004499016432946,2.522244845546008,-0.142857142857143
1.6390153077581338,1.511905941747769,-0.7113944527584128,-0.357030092291901,-0.142857142857143
0.8640148244898246,0.383736267744003,0.6004499016432946,-0.357030092291901,-0.142857142857143
-1.2395579158098717,1.102066120040284,0.6004499016432946,-0.357030092291901,-0.142857142857143
0.5318717602319778,0.9329499005404598,0.6004499016432946,-0.357030092291901,-0.142857142857143
0.8640148244898246,1.5585542606523557,0.6004499016432946,-0.357030092291901,-0.142857142857143
0.8640148244898246,0.24520489645159385,0.9752625743294967,-0.357030092291901,-0.142857142857143
1.6390153077581338,1.3647931074429152,0.9752625743294967,-0.357030092291901,-0.142857142857143
0.753300469737209,-0.7476175431179579,0.6004499016432946,-0.357030092291901,-0.142857142857143
0.8640148244898246,1.3391201116086797,-1.7421293026454687,-0.357030092291901,-0.142857142857143
0.753300469737209,-1.3143225106735574,0.6004499016432946,-0.357030092291901,-0.142857142857143
-0.907414851552025,-0.06639787779229857,0.9752625743294967,-0.357030092291901,-0.142857142857143
1.6390153077581338,-0.5086644923471408,-1.7421293026454687,-0.357030092291901,-0.142857142857143
-0.2431287230363314,1.652878960586148,0.6004499016432946,-0.357030092291901,-0.142857142857143
1.3068722435002869,-0.5047664234579605,0.9752625743294967,-0.357030092291901,-0.142857142857143
0.753300469737209,1.1164161538630908,-0.7113944527584128,-0.357030092291901,-0.142857142857143
0.5318717602319778,-0.36489285994729886,0.6004499016432946,-0.357030092291901,-0.142857142857143
-0.907414851552025,1.4940290836918941,0.9752625743294967,-0.357030092291901,-0.142857142857143
-0.46455743254156256,-0.31711652843375515,-1.7421293026454687,-0.357030092291901,-0.142857142857143
1.6390153077581338,1.3785434383596942,-0.7113944527584128,-0.357030092291901,-0.142857142857143
0.5318717602319778,1.4042307128345493,0.9752625743294967,-0.357030092291901,-0.142857142857143
-0.907414851552025,-0.47438147621922144,0.6004499016432946,-0.357030092291901,-0.142857142857143
-1.1288435610572563,-1.172421380194897,-1.7421293026454687,-0.357030092291901,-0.142857142857143
1.1961578887476714,-0.6363440967685717,0.6004499016432946,-0.357030092291901,-0.142857142857143
-0.6859861420467938,1.250335524235334,0.6004499016432946,-0.357030092291901,-0.142857142857143
1.6390153077581338,-0.8032471269723411,-1.7421293026454687,-0.357030092291901,-0.142857142857143
1.3068722435002869,0.6603992083914694,0.6004499016432946,-0.357030092291901,-0.142857142857143
0.31044305072674655,-0.7847420087291993,0.6004499016432946,-0.357030092291901,-0.142857142857143
1.4175865982529026,0.10972915425180228,0.9752625743294967,-0.357030092291901,-0.142857142857143
0.8640148244898246,0.5294783525493647,-1.7421293026454687,-0.357030092291901,-0.142857142857143
1.528300953005518,0.9619783769203266,0.6004499016432946,-0.357030092291901,-0.142857142857143
0.6425861149845934,0.5359465767500926,-0.7113944527584128,2.522244845546008,-0.142857142857143
0.6425861149845934,1.6415702772153393,0.9752625743294967,2.522244845546008,-0.142857142857143
-0.7967004967994094,0.9320503461814182,0.9752625743294967,-0.357030092291901,-0.142857142857143
-0.021700013531100213,0.9663048050280982,0.6004499016432946,-0.357030092291901,-0.142857142857143
-0.907414851552025,1.680479572904044,0.9752625743294967,-0.357030092291901,-0.142857142857143
0.8640148244898246,0.9203561395138772,0.6004499016432946,-0.357030092291901,-0.142857142857143
0.6425861149845934,1.671583979797966,0.6004499016432946,-0.357030092291901,-0.142857142857143
-1.460986625315103,1.6716553730010644,0.6004499016432946,-0.357030092291901,-0.142857142857143
-0.907414851552025,1.3812992159992978,0.6004499016432946,-0.357030092291901,-0.142857142857143
-0.46455743254156256,-1.652883358407459,0.6004499016432946,-0.357030092291901,-0.142857142857143
-0.7967004967994094,-0.6233505338046373,-0.7113944527584128,-0.357030092291901,-0.142857142857143
-0.46455743254156256,0.9537110440015156,0.6004499016432946,-0.357030092291901,-0.142857142857143
1.528300953005518,-0.7488455062112528,-0.7113944527584128,-0.357030092291901,-0.142857142857143
-1.0181292063046405,-1.368410001341012,-0.7113944527584128,-0.357030092291901,-0.142857142857143
1.3068722435002869,1.4916731079896424,-1.7421293026454687,-0.357030092291901,-0.142857142857143
-1.5717009800677184,0.8279590560637453,-1.7421293026454687,-0.357030092291901,-0.142857142857143
0.42115740547936215,-0.7431340499633695,0.6004499016432946,-0.357030092291901,-0.142857142857143
-1.2395579158098717,-1.295788835149176,-1.7421293026454687,-0.357030092291901,-0.142857142857143
-1.3502722705624872,-0.18208342409317455,0.9752625743294967,-0.357030092291901,-0.142857142857143
-1.3502722705624872,0.5251233671603537,0.6004499016432946,-0.357030092291901,-0.142857142857143
0.8640148244898246,-0.4846478188247917,-1.7421293026454687,-0.357030092291901,-0.142857142857143
-0.7967004967994094,-1.6107899258605591,0.6004499016432946,-0.357030092291901,-0.142857142857143
0.6425861149845934,-0.6589186275883304,0.9752625743294967,-0.357030092291901,-0.142857142857143
-0.35384307778894697,0.09228065541451884,-0.7113944527584128,-0.357030092291901,-0.142857142857143
1.528300953005518,1.6801083282479317,0.6004499016432946,-0.357030092291901,-0.142857142857143
1.1961578887476714,0.05784057423978262,0.9752625743294967,2.522244845546008,-0.142857142857143
0.9747291792424401,-0.3003819616274571,0.6004499016432946,-0.357030092291901,-0.142857142857143
-0.907414851552025,0.5345187126881218,0.6004499016432946,2.522244845546008,-0.142857142857143
-1.0181292063046405,-1.357358333501358,0.9752625743294967,2.522244845546008,-0.142857142857143
-1.460986625315103,1.6199095793952418,-1.7421293026454687,-0.357030092291901,-0.142857142857143
-0.6859861420467938,1.417309947642202,0.6004499016432946,-0.357030092291901,-0.142857142857143
-0.021700013531100213,1.0730090863791777,0.6004499016432946,-0.357030092291901,-0.142857142857143
1.0854435339950557,1.0847604076091977,0.9752625743294967,-0.357030092291901,-0.142857142857143
1.528300953005518,0.5075463605574929,-0.7113944527584128,-0.357030092291901,-0.142857142857143
1.6390153077581338,1.3869963936065615,-0.7113944527584128,2.522244845546008,-0.142857142857143
0.9747291792424401,-1.3313283716516298,0.6004499016432946,-0.357030092291901,-0.142857142857143
0.31044305072674655,-1.518050155035554,0.6004499016432946,-0.357030092291901,-0.142857142857143
-0.2431287230363314,1.671098506016896,-1.7421293026454687,-0.357030092291901,-0.142857142857143
-1.3502722705624872,-0.49204415466580054,-1.7421293026454687,-0.357030092291901,-0.142857142857143
-0.7967004967994094,-0.17630057464219273,0.9752625743294967,2.522244845546008,-0.142857142857143
-0.907414851552025,0.6303141126057442,0.6004499016432946,-0.357030092291901,-0.142857142857143
-0.35384307778894697,0.6721505296214892,0.9752625743294967,2.522244845546008,-0.142857142857143
-1.2395579158098717,-1.0187974857674564,-0.7113944527584128,-0.357030092291901,-0.142857142857143
1.4175865982529026,-0.36767719486814193,0.6004499016432946,-0.357030092291901,-0.142857142857143
-1.6824153348203341,-0.3299815836321123,0.6004499016432946,-0.357030092291901,-0.142857142857143
-0.46455743254156256,0.3365310818552476,0.9752625743294967,-0.357030092291901,-0.142857142857143
1.528300953005518,-0.0574166128425021,-0.7113944527584128,-0.357030092291901,-0.142857142857143
-1.460986625315103,0.7773555537074994,0.6004499016432946,-0.357030092291901,-0.142857142857143
-0.021700013531100213,-0.8874768279879999,-1.7421293026454687,2.522244845546008,-0.142857142857143
-0.35384307778894697,1.345659729012506,0.6004499016432946,-0.357030092291901,-0.142857142857143
0.42115740547936215,1.2406688845357916,0.6004499016432946,2.522244845546008,-0.142857142857143
0.31044305072674655,1.0593158700248775,-1.7421293026454687,2.522244845546008,-0.142857142857143
-0.1324143682837158,0.8257887026895496,0.6004499016432946,-0.357030092291901,-0.142857142857143
0.8640148244898246,0.2661944981625649,0.6004499016432946,-0.357030092291901,-0.142857142857143
-1.5717009800677184,-1.0669450619371124,0.6004499016432946,-0.357030092291901,-0.142857142857143
-0.907414851552025,-1.1544302930140646,0.6004499016432946,-0.357030092291901,-0.142857142857143
-0.6859861420467938,-1.608348278314589,-1.7421293026454687,-0.357030092291901,-0.142857142857143
-1.3502722705624872,-1.476999063253893,-1.7421293026454687,-0.357030092291901,-0.142857142857143
-0.46455743254156256,0.5208397749744412,-0.7113944527584128,-0.357030092291901,-0.142857142857143
-0.5752717872941782,-1.1930397372497556,-0.7113944527584128,2.522244845546008,-0.142857142857143
-0.2431287230363314,-0.8982572016558796,0.9752625743294967,-0.357030092291901,-0.142857142857143
1.4175865982529026,-0.03612715967851715,-0.7113944527584128,5.401519783383916,-0.142857142857143
0.42115740547936215,-1.0688012852176745,0.6004499016432946,-0.357030092291901,-0.142857142857143
-0.35384307778894697,-1.6167441189989773,-1.7421293026454687,-0.357030092291901,-0.142857142857143
-1.460986625315103,-1.2296644504393073,-1.7421293026454687,2.522244845546008,-0.142857142857143
1.528300953005518,-1.4913490970766998,0.6004499016432946,-0.357030092291901,-0.142857142857143
0.42115740547936215,1.4833486605083526,0.6004499016432946,-0.357030092291901,-0.142857142857143
-0.7967004967994094,-1.5027577309318467,-1.7421293026454687,-0.357030092291901,-0.142857142857143
-1.3502722705624872,1.2172519139194702,-0.7113944527584128,2.522244845546008,-0.142857142857143
1.6390153077581338,-0.21638071886171367,-0.7113944527584128,2.522244845546008,-0.142857142857143
-0.6859861420467938,1.0621144835863403,0.9752625743294967,-0.357030092291901,-0.142857142857143
-0.907414851552025,-0.22207789646897727,0.6004499016432946,-0.357030092291901,-0.142857142857143
0.9747291792424401,-0.347658540719311,0.6004499016432946,2.522244845546008,-0.142857142857143
-0.7967004967994094,0.4951810577808256,0.9752625743294967,-0.357030092291901,-0.142857142857143
-1.460986625315103,-0.4661284219410301,0.6004499016432946,-0.357030092291901,-0.142857142857143
0.6425861149845934,-0.080862140740063,0.6004499016432946,-0.357030092291901,-0.142857142857143
-0.907414851552025,-0.6161255416510649,0.9752625743294967,-0.357030092291901,-0.142857142857143
-1.6824153348203341,0.06970612459476015,0.6004499016432946,2.522244845546008,-0.142857142857143
1.3068722435002869,-0.6318177676921243,-0.7113944527584128,-0.357030092291901,-0.142857142857143
1.0854435339950557,-1.0902049675066172,-0.7113944527584128,-0.357030092291901,-0.142857142857143
1.0854435339950557,-1.3629983965461427,-0.7113944527584128,-0.357030092291901,-0.142857142857143
1.4175865982529026,-1.4370617054405692,0.6004499016432946,-0.357030092291901,-0.142857142857143
-1.6824153348203341,0.10673063972166356,0.9752625743294967,-0.357030092291901,-0.142857142857143
-0.7967004967994094,0.49610916942110667,0.9752625743294967,2.522244845546008,-0.142857142857143
-1.5717009800677184,0.8130807125380094,-1.7421293026454687,-0.357030092291901,-0.142857142857143
-0.907414851552025,0.48478620740967804,0.9752625743294967,-0.357030092291901,-0.142857142857143
0.42115740547936215,0.38940488807002716,-0.7113944527584128,-0.357030092291901,-0.142857142857143
-0.35384307778894697,-0.19766142100927622,0.9752625743294967,-0.357030092291901,-0.142857142857143
1.528300953005518,-1.498045779527343,0.6004499016432946,-0.357030092291901,-0.142857142857143
1.6390153077581338,0.4036121354866368,0.9752625743294967,-0.357030092291901,-0.142857142857143
1.3068722435002869,0.9886080416760825,-0.7113944527584128,-0.357030092291901,-0.142857142857143
-1.6824153348203341,0.5290642719713932,0.6004499016432946,-0.357030092291901,-0.142857142857143
-1.3502722705624872,-1.6129888365159941,0.9752625743294967,-0.357030092291901,-0.142857142857143
-0.35384307778894697,0.8072693058057882,0.6004499016432946,-0.357030092291901,-0.142857142857143
0.5318717602319778,0.9261961035273378,0.6004499016432946,-0.357030092291901,-0.142857142857143
0.8640148244898246,1.5546276344819359,-1.7421293026454687,-0.357030092291901,-0.142857142857143
-1.3502722705624872,1.1014949744154956,-1.7421293026454687,-0.357030092291901,-0.142857142857143
0.5318717602319778,0.2647523554599744,-0.7113944527584128,-0.357030092291901,-0.142857142857143
-0.35384307778894697,0.919042504576864,-0.7113944527584128,-0.357030092291901,-0.142857142857143
-0.1324143682837158,0.7821531769557214,-0.7113944527584128,-0.357030092291901,-0.142857142857143
-1.0181292063046405,-0.7570128886457259,-1.7421293026454687,-0.357030092291901,-0.142857142857143
-1.3502722705624872,-1.0445418748047903,0.6004499016432946,-0.357030092291901,-0.142857142857143
0.31044305072674655,-0.30909193240547916,0.6004499016432946,-0.357030092291901,-0.142857142857143
0.19972869597413098,1.1328794264976143,0.9752625743294967,2.522244845546008,-0.142857142857143
0.5318717602319778,-1.6171581995769488,0.6004499016432946,-0.357030092291901,-0.142857142857143
-1.5717009800677184,0.37398395620074226,-1.7421293026454687,-0.357030092291901,-0.142857142857143
-1.2395579158098717,0.8102535416953072,0.9752625743294967,-0.357030092291901,-0.142857142857143
1.3068722435002869,0.3504527564594631,0.6004499016432946,-0.357030092291901,-0.142857142857143
1.0854435339950557,-1.208089424462928,0.6004499016432946,-0.357030092291901,-0.142857142857143
0.8640148244898246,0.5059899887299447,0.6004499016432946,-0.357030092291901,-0.142857142857143
0.08901434122151539,0.7805825264875534,0.6004499016432946,-0.357030092291901,-0.142857142857143
0.08901434122151539,-0.7712201360623356,0.6004499016432946,-0.357030092291901,-0.142857142857143
-1.460986625315103,0.48091669580173707,0.9752625743294967,2.522244845546008,-0.142857142857143
0.8640148244898246,-0.5848695973345236,0.9752625743294967,-0.357030092291901,-0.142857142857143
0.8640148244898246,-0.5176172000156979,0.9752625743294967,-0.357030092291901,-0.142857142857143
-1.6824153348203341,-1.3185347096563713,0.6004499016432946,-0.357030092291901,-0.142857142857143
0.753300469737209,0.3767397338403459,-1.7421293026454687,-0.357030092291901,-0.142857142857143
-1.1288435610572563,-1.1968664129358375,0.6004499016432946,-0.357030092291901,-0.142857142857143
1.3068722435002869,1.6311897054848115,-0.7113944527584128,-0.357030092291901,-0.142857142857143
-1.460986625315103,-1.3398098841797366,0.6004499016432946,-0.357030092291901,-0.142857142857143
1.3068722435002869,-1.4512975101384182,0.9752625743294967,-0.357030092291901,-0.142857142857143
1.3068722435002869,-0.7742043719518547,-0.7113944527584128,-0.357030092291901,7.000000000000001
0.08901434122151539,0.6236459874363405,0.6004499016432946,-0.357030092291901,-0.142857142857143
-1.3502722705624872,0.4906404500637584,-0.7113944527584128,-0.357030092291901,-0.142857142857143
1.0854435339950557,0.5377171281869364,-0.7113944527584128,-0.357030092291901,-0.142857142857143
-1.2395579158098717,1.4170386534704276,0.6004499016432946,-0.357030092291901,-0.142857142857143
0.9747291792424401,0.05839744122395124,0.9752625743294967,-0.357030092291901,-0.142857142857143
-0.5752717872941782,-0.16482054758394732,-1.7421293026454687,2.522244845546008,-0.142857142857143
-1.460986625315103,0.9877227659576605,0.6004499016432946,5.401519783383916,-0.142857142857143
-1.1288435610572563,-1.4513689033415167,-1.7421293026454687,-0.357030092291901,-0.142857142857143
0.31044305072674655,0.9902500853473489,0.6004499016432946,-0.357030092291901,-0.142857142857143
0.08901434122151539,1.487189614835054,0.6004499016432946,-0.357030092291901,-0.142857142857143
0.753300469737209,-1.0175266867523023,0.6004499016432946,-0.357030092291901,-0.142857142857143
-1.5717009800677184,0.7746140547085154,0.6004499016432946,-0.357030092291901,-0.142857142857143
-0.35384307778894697,1.4114271477068823,0.6004499016432946,-0.357030092291901,-0.142857142857143
0.19972869597413098,0.9361625946798942,0.6004499016432946,-0.357030092291901,-0.142857142857143
-0.6859861420467938,0.9118746269857705,0.9752625743294967,-0.357030092291901,-0.142857142857143
-1.5717009800677184,-1.6236264237776767,0.9752625743294967,-0.357030092291901,-0.142857142857143
-1.5717009800677184,0.8159078833807116,-0.7113944527584128,2.522244845546008,7.000000000000001
1.4175865982529026,-0.9096943927922658,0.9752625743294967,-0.357030092291901,-0.142857142857143
1.0854435339950557,-0.03781203927164272,0.6004499016432946,-0.357030092291901,-0.142857142857143
1.528300953005518,-0.9340537536894881,-0.7113944527584128,-0.357030092291901,-0.142857142857143
0.19972869597413098,-0.015023328842588408,0.6004499016432946,-0.357030092291901,-0.142857142857143
-1.6824153348203341,-0.33432229038050354,-0.7113944527584128,-0.357030092291901,-0.142857142857143
1.1961578887476714,-0.8955585385787548,-0.7113944527584128,-0.357030092291901,-0.142857142857143
-0.021700013531100213,-1.3786620653059625,-1.7421293026454687,-0.357030092291901,-0.142857142857143
-0.2431287230363314,-0.6470816345145923,0.9752625743294967,-0.357030092291901,-0.142857142857143
0.08901434122151539,1.0736373465664448,-0.7113944527584128,-0.357030092291901,-0.142857142857143
-1.2395579158098717,-1.1744632258035153,0.9752625743294967,-0.357030092291901,-0.142857142857143
1.3068722435002869,0.07106259545363243,0.6004499016432946,-0.357030092291901,-0.142857142857143
-1.1288435610572563,0.06779278675171925,-1.7421293026454687,-0.357030092291901,-0.142857142857143
-0.6859861420467938,-1.6467292643003646,0.6004499016432946,-0.357030092291901,-0.142857142857143
-1.2395579158098717,0.49074040054809637,0.9752625743294967,-0.357030092291901,-0.142857142857143
0.9747291792424401,-0.5200731262022877,0.6004499016432946,-0.357030092291901,-0.142857142857143
-0.7967004967994094,-1.6013089084890728,0.9752625743294967,-0.357030092291901,-0.142857142857143
1.4175865982529026,1.3770299024540051,-1.7421293026454687,-0.357030092291901,-0.142857142857143
0.753300469737209,1.2458663097213654,-0.7113944527584128,-0.357030092291901,-0.142857142857143
-0.021700013531100213,-0.9483323943091964,0.6004499016432946,-0.357030092291901,-0.142857142857143
1.3068722435002869,1.3426754931229872,-0.7113944527584128,-0.357030092291901,-0.142857142857143
1.528300953005518,0.6980662623462597,0.6004499016432946,-0.357030092291901,-0.142857142857143
0.6425861149845934,-1.3384248560396248,0.6004499016432946,2.522244845546008,-0.142857142857143
-0.35384307778894697,0.4992076344355833,0.9752625743294967,-0.357030092291901,-0.142857142857143
-0.021700013531100213,0.7005364671734692,0.6004499016432946,-0.357030092291901,-0.142857142857143
-0.1324143682837158,-1.151431778483926,0.6004499016432946,-0.357030092291901,-0.142857142857143
1.6390153077581338,-0.08585966495696087,-0.7113944527584128,2.522244845546008,-0.142857142857143
-0.7967004967994094,0.04904493161804236,0.6004499016432946,-0.357030092291901,-0.142857142857143
0.6425861149845934,1.1943775316466976,-1.7421293026454687,-0.357030092291901,-0.142857142857143
0.753300469737209,-1.1586282133562589,0.6004499016432946,-0.357030092291901,-0.142857142857143
1.3068722435002869,-1.211530576852278,0.6004499016432946,-0.357030092291901,-0.142857142857143
-1.6824153348203341,-1.4722299972869104,0.9752625743294967,-0.357030092291901,-0.142857142857143
0.8640148244898246,1.5113490747636003,0.6004499016432946,-0.357030092291901,-0.142857142857143
-1.5717009800677184,-0.21212568395704062,0.6004499016432946,-0.357030092291901,-0.142857142857143
0.31044305072674655,-0.7762319389198532,-1.7421293026454687,-0.357030092291901,-0.142857142857143
-0.6859861420467938,0.6588856724857803,-0.7113944527584128,-0.357030092291901,-0.142857142857143
-0.1324143682837158,-1.5082264502891949,-1.7421293026454687,-0.357030092291901,-0.142857142857143
1.6390153077581338,-0.7540286527562069,-0.7113944527584128,-0.357030092291901,-0.142857142857143
0.753300469737209,-1.0088309946149001,0.9752625743294967,-0.357030092291901,-0.142857142857143
0.42115740547936215,-0.3778435869893742,0.9752625743294967,-0.357030092291901,-0.142857142857143
-1.1288435610572563,-0.31306139449775805,-0.7113944527584128,-0.357030092291901,-0.142857142857143
-1.5717009800677184,-0.9270572197858311,0.6004499016432946,-0.357030092291901,-0.142857142857143
-1.3502722705624872,1.5176173979956522,0.6004499016432946,-0.357030092291901,-0.142857142857143
-0.5752717872941782,0.9278809831204634,0.6004499016432946,-0.357030092291901,-0.142857142857143
1.528300953005518,-0.805945790049466,0.6004499016432946,-0.357030092291901,-0.142857142857143
1.3068722435002869,-1.0426142583211297,-1.7421293026454687,-0.357030092291901,-0.142857142857143
0.08901434122151539,0.4990077334669074,0.6004499016432946,-0.357030092291901,-0.142857142857143
0.5318717602319778,1.0492494283879832,-0.7113944527584128,-0.357030092291901,-0.142857142857143
0.08901434122151539,0.6446355891473116,-0.7113944527584128,2.522244845546008,-0.142857142857143
0.19972869597413098,0.833556283186671,0.6004499016432946,-0.357030092291901,-0.142857142857143
1.1961578887476714,-0.874012069883615,0.6004499016432946,-0.357030092291901,-0.142857142857143
-1.6824153348203341,-1.440103055892567,-1.7421293026454687,-0.357030092291901,-0.142857142857143
-0.6859861420467938,-0.47733715482750105,0.6004499016432946,-0.357030092291901,-0.142857142857143
-0.907414851552025,-1.4755711991919223,0.6004499016432946,-0.357030092291901,-0.142857142857143
0.19972869597413098,-0.36179439493282217,-1.7421293026454687,-0.357030092291901,-0.142857142857143
-1.1288435610572563,-0.9370522682196268,0.6004499016432946,2.522244845546008,-0.142857142857143
-0.021700013531100213,-1.0796958880105119,-0.7113944527584128,-0.357030092291901,-0.142857142857143
0.753300469737209,1.640113855872129,0.6004499016432946,-0.357030092291901,-0.142857142857143
0.08901434122151539,-0.6187956474469504,0.9752625743294967,-0.357030092291901,-0.142857142857143
-1.3502722705624872,-0.04469434405034208,0.6004499016432946,-0.357030092291901,-0.142857142857143
-0.021700013531100213,-0.2218208809378225,-1.7421293026454687,-0.357030092291901,-0.142857142857143
1.1961578887476714,-1.0229382915471716,0.6004499016432946,-0.357030092291901,-0.142857142857143
0.31044305072674655,-1.5141663647869936,0.6004499016432946,-0.357030092291901,-0.142857142857143
0.31044305072674655,1.4006324953983829,0.9752625743294967,-0.357030092291901,-0.142857142857143
0.19972869597413098,0.6463061900998174,0.9752625743294967,-0.357030092291901,-0.142857142857143
1.1961578887476714,-0.6302185599427169,-0.7113944527584128,-0.357030092291901,-0.142857142857143
1.0854435339950557,-1.5795339815440177,0.6004499016432946,-0.357030092291901,-0.142857142857143
-0.46455743254156256,0.22907003255132355,0.9752625743294967,-0.357030092291901,-0.142857142857143
0.5318717602319778,1.3685483899258983,-0.7113944527584128,-0.357030092291901,-0.142857142857143
-0.46455743254156256,0.48315844237903127,-1.7421293026454687,-0.357030092291901,-0.142857142857143
1.6390153077581338,-1.0682586968741257,0.6004499016432946,-0.357030092291901,-0.142857142857143
0.19972869597413098,0.5103878100408149,-1.7421293026454687,-0.357030092291901,-0.142857142857143
1.528300953005518,0.8219620270034679,0.6004499016432946,2.522244845546008,-0.142857142857143
-1.1288435610572563,-1.5200348860816937,-0.7113944527584128,-0.357030092291901,-0.142857142857143
-0.021700013531100213,0.9392325024131315,0.6004499016432946,-0.357030092291901,-0.142857142857143
1.528300953005518,1.3458881872624215,0.6004499016432946,-0.357030092291901,-0.142857142857143
1.6390153077581338,-0.7472891343837046,-1.7421293026454687,-0.357030092291901,-0.142857142857143
0.42115740547936215,-0.024447231651595833,0.6004499016432946,-0.357030092291901,-0.142857142857143
-1.6824153348203341,-0.9013128307484971,0.9752625743294967,-0.357030092291901,-0.142857142857143
-0.907414851552025,-0.4827915955442296,0.6004499016432946,2.522244845546008,-0.142857142857143
-1.3502722705624872,-1.353731558783952,0.6004499016432946,-0.357030092291901,-0.142857142857143
-0.907414851552025,0.23913647418821785,0.9752625743294967,2.522244845546008,-0.142857142857143
0.753300469737209,1.1074063316320548,0.6004499016432946,-0.357030092291901,-0.142857142857143
0.42115740547936215,-0.34334639125215916,0.6004499016432946,-0.357030092291901,-0.142857142857143
1.4175865982529026,1.6740541846251755,-0.7113944527584128,-0.357030092291901,-0.142857142857143
0.5318717602319778,-1.376777284744161,0.6004499016432946,-0.357030092291901,-0.142857142857143
0.42115740547936215,-0.9198750635541179,-0.7113944527584128,-0.357030092291901,-0.142857142857143
1.3068722435002869,-1.4923486019200793,-0.7113944527584128,-0.357030092291901,-0.142857142857143
-0.1324143682837158,1.4016891148042412,0.9752625743294967,2.522244845546008,-0.142857142857143
0.5318717602319778,0.7016502011418064,-1.7421293026454687,-0.357030092291901,-0.142857142857143
-1.3502722705624872,-0.7818291660427787,0.9752625743294967,-0.357030092291901,-0.142857142857143
0.753300469737209,-1.4687460089757016,-0.7113944527584128,-0.357030092291901,-0.142857142857143
0.5318717602319778,-0.8815654707714407,0.9752625743294967,-0.357030092291901,-0.142857142857143
-0.35384307778894697,0.8077976155087173,0.6004499016432946,-0.357030092291901,-0.142857142857143
-0.46455743254156256,-0.5870685079899587,0.9752625743294967,2.522244845546008,-0.142857142857143
1.4175865982529026,0.9120745279544464,-1.7421293026454687,-0.357030092291901,-0.142857142857143
-0.7967004967994094,0.9334639316027693,0.6004499016432946,-0.357030092291901,-0.142857142857143
-1.3502722705624872,1.5456178122509001,-1.7421293026454687,-0.357030092291901,-0.142857142857143
1.4175865982529026,-0.9144206228373893,0.6004499016432946,-0.357030092291901,-0.142857142857143
1.0854435339950557,0.7751994789739235,-1.7421293026454687,-0.357030092291901,-0.142857142857143
0.5318717602319778,-0.17491554650208102,-1.7421293026454687,-0.357030092291901,-0.142857142857143
-0.2431287230363314,0.528093324409253,-1.7421293026454687,-0.357030092291901,-0.142857142857143
0.753300469737209,-0.7688641603600838,-1.7421293026454687,-0.357030092291901,-0.142857142857143
0.31044305072674655,-1.0403582331032157,0.6004499016432946,-0.357030092291901,-0.142857142857143
-0.5752717872941782,0.08371347104269392,0.6004499016432946,-0.357030092291901,-0.142857142857143
-0.5752717872941782,-1.4868227680002524,0.9752625743294967,-0.357030092291901,-0.142857142857143
1.6390153077581338,-1.632179329508882,0.6004499016432946,2.522244845546008,-0.142857142857143
-1.0181292063046405,-0.7383792626370067,0.6004499016432946,-0.357030092291901,-0.142857142857143
-0.35384307778894697,0.6445784745848326,0.6004499016432946,2.522244845546008,-0.142857142857143
-1.460986625315103,-0.7956651688032761,-1.7421293026454687,-0.357030092291901,-0.142857142857143
-1.460986625315103,-1.0732276638097842,-1.7421293026454687,-0.357030092291901,-0.142857142857143
-1.5717009800677184,0.5088599954945061,-0.7113944527584128,-0.357030092291901,-0.142857142857143
-1.6824153348203341,1.0760932727530348,-0.7113944527584128,-0.357030092291901,-0.142857142857143
0.9747291792424401,1.3459167445436608,0.9752625743294967,-0.357030092291901,-0.142857142857143
1.4175865982529026,0.38105188330749784,-1.7421293026454687,-0.357030092291901,-0.142857142857143
-0.2431287230363314,1.5259989600394208,0.6004499016432946,2.522244845546008,-0.142857142857143
0.08901434122151539,0.9806405602102852,-1.7421293026454687,-0.357030092291901,-0.142857142857143
1.528300953005518,-0.3730031278192931,-1.7421293026454687,-0.357030092291901,-0.142857142857143
0.42115740547936215,-0.18311148621779355,0.9752625743294967,-0.357030092291901,-0.142857142857143
-1.0181292063046405,0.9801122505073561,0.9752625743294967,-0.357030092291901,-0.142857142857143
-0.7967004967994094,0.3650169698915655,-0.7113944527584128,-0.357030092291901,-0.142857142857143
-0.46455743254156256,-0.43722845332674065,0.6004499016432946,2.522244845546008,-0.142857142857143
0.753300469737209,-0.7647376332209881,0.6004499016432946,-0.357030092291901,-0.142857142857143
1.0854435339950557,-1.2245241398162123,-0.7113944527584128,-0.357030092291901,-0.142857142857143
0.19972869597413098,-1.6050784696126759,0.6004499016432946,-0.357030092291901,-0.142857142857143
-0.021700013531100213,-1.0339471234649669,0.6004499016432946,-0.357030092291901,-0.142857142857143
1.528300953005518,0.3581775010347253,0.6004499016432946,2.522244845546008,-0.142857142857143
-1.6824153348203341,1.3376636902654695,0.6004499016432946,-0.357030092291901,-0.142857142857143
0.6425861149845934,0.3634463194233976,0.6004499016432946,-0.357030092291901,-0.142857142857143
-1.0181292063046405,-1.0444990388829312,0.6004499016432946,-0.357030092291901,-0.142857142857143
0.08901434122151539,0.5579356833044432,0.6004499016432946,-0.357030092291901,-0.142857142857143
0.19972869597413098,0.6445070813817342,0.9752625743294967,-0.357030092291901,-0.142857142857143
1.3068722435002869,0.37035718148333635,0.6004499016432946,-0.357030092291901,-0.142857142857143
-0.1324143682837158,-0.5120056942521526,0.6004499016432946,-0.357030092291901,-0.142857142857143
-1.0181292063046405,-1.4537677149656278,-1.7421293026454687,-0.357030092291901,-0.142857142857143
-0.021700013531100213,0.7745569401460366,0.6004499016432946,-0.357030092291901,-0.142857142857143
-0.1324143682837158,0.5236669458171435,0.9752625743294967,-0.357030092291901,-0.142857142857143
1.1961578887476714,0.9576947847344142,-0.7113944527584128,-0.357030092291901,-0.142857142857143
-0.5752717872941782,0.09252339230505388,0.9752625743294967,2.522244845546008,-0.142857142857143
0.42115740547936215,0.2718631184885891,0.9752625743294967,-0.357030092291901,-0.142857142857143
-1.1288435610572563,0.665896485030057,0.6004499016432946,-0.357030092291901,-0.142857142857143
-1.5717009800677184,0.8260314395800847,0.6004499016432946,-0.357030092291901,-0.142857142857143
1.528300953005518,0.10508859605039711,0.6004499016432946,-0.357030092291901,-0.142857142857143
-1.1288435610572563,-1.3365971900403022,-1.7421293026454687,-0.357030092291901,-0.142857142857143
-0.2431287230363314,-0.03192923933632294,-1.7421293026454687,2.522244845546008,-0.142857142857143
-0.35384307778894697,0.3636604990326932,0.9752625743294967,-0.357030092291901,-0.142857142857143
1.4175865982529026,0.9804692165228488,0.6004499016432946,-0.357030092291901,-0.142857142857143
1.528300953005518,-0.9332113138929253,-0.7113944527584128,-0.357030092291901,-0.142857142857143
0.9747291792424401,-1.2196265660836525,0.9752625743294967,-0.357030092291901,-0.142857142857143
-1.2395579158098717,-1.4883791398278006,0.6004499016432946,-0.357030092291901,-0.142857142857143
1.3068722435002869,-1.0587491222214,-0.7113944527584128,-0.357030092291901,-0.142857142857143
-1.3502722705624872,-1.438632355908737,-0.7113944527584128,-0.357030092291901,-0.142857142857143
1.6390153077581338,0.2069095823095364,0.9752625743294967,2.522244845546008,-0.142857142857143
-0.021700013531100213,-0.5973062933142895,0.6004499016432946,-0.357030092291901,-0.142857142857143
1.0854435339950557,-1.0142425994097695,-1.7421293026454687,-0.357030092291901,-0.142857142857143
1.6390153077581338,-0.618767090165711,-1.7421293026454687,-0.357030092291901,-0.142857142857143
-0.5752717872941782,-1.081066637510004,-1.7421293026454687,-0.357030092291901,-0.142857142857143
1.3068722435002869,1.6314752782972055,0.6004499016432946,-0.357030092291901,-0.142857142857143
0.19972869597413098,-1.474357514739247,0.6004499016432946,-0.357030092291901,-0.142857142857143
0.8640148244898246,0.08638357683857935,0.9752625743294967,-0.357030092291901,-0.142857142857143
-1.460986625315103,-1.0139570265973752,-0.7113944527584128,-0.357030092291901,-0.142857142857143
1.3068722435002869,0.5249805807541567,0.6004499016432946,-0.357030092291901,-0.142857142857143
-0.5752717872941782,-1.0858214248363667,-1.7421293026454687,-0.357030092291901,-0.142857142857143
1.4175865982529026,-1.2181701447404423,-0.7113944527584128,2.522244845546008,-0.142857142857143
-1.2395579158098717,-1.2968740118362738,0.6004499016432946,2.522244845546008,-0.142857142857143
-1.0181292063046405,-0.29931106358097903,-1.7421293026454687,-0.357030092291901,-0.142857142857143
1.528300953005518,0.13378866369601064,0.9752625743294967,-0.357030092291901,-0.142857142857143
-1.460986625315103,1.5484735403748418,-1.7421293026454687,-0.357030092291901,-0.142857142857143
0.42115740547936215,0.35258027391179964,-1.7421293026454687,-0.357030092291901,7.000000000000001
-0.1324143682837158,-0.9042685093567767,0.9752625743294967,2.522244845546008,-0.142857142857143
0.31044305072674655,1.1164304325037104,-1.7421293026454687,-0.357030092291901,-0.142857142857143
-0.2431287230363314,-1.015541955706163,0.9752625743294967,-0.357030092291901,-0.142857142857143
-1.0181292063046405,-1.3339699201662758,-1.7421293026454687,-0.357030092291901,-0.142857142857143
-1.6824153348203341,0.6937541128791078,0.6004499016432946,-0.357030092291901,-0.142857142857143
1.3068722435002869,0.8173500260833021,0.9752625743294967,-0.357030092291901,-0.142857142857143
-0.46455743254156256,1.227432584681322,-0.7113944527584128,-0.357030092291901,-0.142857142857143
-1.0181292063046405,1.6332743870152888,0.6004499016432946,-0.357030092291901,-0.142857142857143
-0.46455743254156256,1.6256924288462238,0.6004499016432946,-0.357030092291901,-0.142857142857143
-1.0181292063046405,-0.7786593078252035,-0.7113944527584128,-0.357030092291901,-0.142857142857143
-0.6859861420467938,0.5421577854196656,-1.7421293026454687,-0.357030092291901,-0.142857142857143
0.5318717602319778,-1.3484770190358994,0.6004499016432946,-0.357030092291901,-0.142857142857143
0.08901434122151539,0.6687236558727593,0.6004499016432946,-0.357030092291901,-0.142857142857143
1.4175865982529026,1.5586542111366937,0.6004499016432946,-0.357030092291901,-0.142857142857143
0.19972869597413098,0.9616499681860734,-0.7113944527584128,-0.357030092291901,-0.142857142857143
0.19972869597413098,0.9572378682345835,0.6004499016432946,-0.357030092291901,-0.142857142857143
-0.907414851552025,-1.4473708839679984,-0.7113944527584128,2.522244845546008,-0.142857142857143
0.08901434122151539,1.0992389491975818,0.9752625743294967,-0.357030092291901,-0.142857142857143
1.0854435339950557,0.11188522898537823,0.6004499016432946,-0.357030092291901,-0.142857142857143
-0.46455743254156256,0.37946695419871024,-1.7421293026454687,-0.357030092291901,-0.142857142857143
0.6425861149845934,0.26241065839834227,0.6004499016432946,-0.357030092291901,-0.142857142857143
-0.907414851552025,-0.07507929128908117,0.6004499016432946,-0.357030092291901,-0.142857142857143
1.528300953005518,-0.08020532327155643,0.6004499016432946,2.522244845546008,-0.142857142857143
-1.0181292063046405,0.5392592213738648,0.6004499016432946,-0.357030092291901,-0.142857142857143
0.42115740547936215,0.35243748750560255,0.9752625743294967,-0.357030092291901,-0.142857142857143
0.08901434122151539,-1.0543655795511495,0.6004499016432946,-0.357030092291901,7.000000000000001
0.19972869597413098,-1.339538590007962,0.6004499016432946,-0.357030092291901,-0.142857142857143
-0.6859861420467938,0.9243827161686349,0.6004499016432946,-0.357030092291901,-0.142857142857143
1.4175865982529026,-0.02093468605914761,-0.7113944527584128,-0.357030092291901,-0.142857142857143
-0.46455743254156256,0.9786558291641458,-0.7113944527584128,-0.357030092291901,-0.142857142857143
0.42115740547936215,-0.028074006369001717,0.6004499016432946,-0.357030092291901,-0.142857142857143
-0.907414851552025,0.8244465104712971,0.6004499016432946,-0.357030092291901,-0.142857142857143
1.528300953005518,-0.025161163682581242,0.6004499016432946,2.522244845546008,-0.142857142857143
-0.6859861420467938,-0.17640052512653068,0.6004499016432946,-0.357030092291901,-0.142857142857143
0.31044305072674655,0.21483422785347447,0.9752625743294967,-0.357030092291901,-0.142857142857143
-0.1324143682837158,0.9321788539469956,0.9752625743294967,-0.357030092291901,-0.142857142857143
0.5318717602319778,-1.580933288324749,-0.7113944527584128,-0.357030092291901,-0.142857142857143
0.31044305072674655,0.6909412206770252,0.6004499016432946,-0.357030092291901,-0.142857142857143
1.4175865982529026,1.505737569000055,0.9752625743294967,-0.357030092291901,-0.142857142857143
-0.5752717872941782,-1.6169725772488928,0.6004499016432946,-0.357030092291901,-0.142857142857143
-0.6859861420467938,-0.1606226272417531,-0.7113944527584128,-0.357030092291901,-0.142857142857143
0.8640148244898246,-1.6580950622336523,-0.7113944527584128,-0.357030092291901,-0.142857142857143
-0.1324143682837158,1.477694318822948,0.6004499016432946,-0.357030092291901,-0.142857142857143
-0.021700013531100213,-0.7516298411320959,-0.7113944527584128,-0.357030092291901,-0.142857142857143
-0.907414851552025,-0.3064789411720725,-1.7421293026454687,-0.357030092291901,-0.142857142857143
0.5318717602319778,1.403359715756747,0.9752625743294967,-0.357030092291901,-0.142857142857143
1.4175865982529026,-1.521576979268622,-1.7421293026454687,-0.357030092291901,-0.142857142857143
-1.2395579158098717,-1.4637484847588038,0.9752625743294967,2.522244845546008,-0.142857142857143
0.6425861149845934,0.09650713303795247,0.9752625743294967,-0.357030092291901,-0.142857142857143
0.9747291792424401,-0.22217784695331522,0.6004499016432946,-0.357030092291901,-0.142857142857143
0.9747291792424401,1.3584248337265252,0.6004499016432946,-0.357030092291901,-0.142857142857143
1.3068722435002869,-0.15439713993156032,0.6004499016432946,-0.357030092291901,-0.142857142857143
-0.1324143682837158,1.1246977654225214,0.6004499016432946,-0.357030092291901,-0.142857142857143
1.6390153077581338,-1.5898146027902076,0.6004499016432946,2.522244845546008,-0.142857142857143
-1.6824153348203341,0.826017160939465,-1.7421293026454687,-0.357030092291901,-0.142857142857143
0.5318717602319778,-0.370318743382788,0.6004499016432946,-0.357030092291901,-0.142857142857143
-0.907414851552025,0.3775821736369087,-1.7421293026454687,-0.357030092291901,-0.142857142857143
-0.2431287230363314,-0.4544627725547285,-1.7421293026454687,-0.357030092291901,-0.142857142857143
-1.3502722705624872,1.674411150640668,0.6004499016432946,-0.357030092291901,-0.142857142857143
-1.6824153348203341,1.6560059828818643,-0.7113944527584128,-0.357030092291901,-0.142857142857143
1.6390153077581338,-0.8897328532059138,-0.7113944527584128,-0.357030092291901,-0.142857142857143
-0.46455743254156256,-0.4960278953986991,0.9752625743294967,-0.357030092291901,-0.142857142857143
-0.6859861420467938,0.26098279433637145,0.6004499016432946,-0.357030092291901,-0.142857142857143
-0.46455743254156256,0.5392735000144846,-0.7113944527584128,-0.357030092291901,-0.142857142857143
-0.6859861420467938,0.264038423428989,-0.7113944527584128,-0.357030092291901,-0.142857142857143
-0.021700013531100213,-1.1617552356519751,-0.7113944527584128,-0.357030092291901,-0.142857142857143
-0.2431287230363314,0.3366167536989659,-1.7421293026454687,-0.357030092291901,-0.142857142857143
-1.6824153348203341,1.257332058138991,0.6004499016432946,-0.357030092291901,-0.142857142857143
1.0854435339950557,0.8047562650567195,-0.7113944527584128,-0.357030092291901,-0.142857142857143
1.0854435339950557,-0.48130661691977994,0.9752625743294967,-0.357030092291901,-0.142857142857143
-0.6859861420467938,1.1107332548964468,0.6004499016432946,-0.357030092291901,-0.142857142857143
1.528300953005518,1.6331316006090917,-0.7113944527584128,2.522244845546008,-0.142857142857143
-0.46455743254156256,-0.02172001129323156,0.6004499016432946,-0.357030092291901,-0.142857142857143
0.9747291792424401,-1.3526749393780937,0.9752625743294967,-0.357030092291901,-0.142857142857143
-0.7967004967994094,1.6411561966373678,-1.7421293026454687,-0.357030092291901,-0.142857142857143
-1.460986625315103,0.5260086428787757,-1.7421293026454687,-0.357030092291901,-0.142857142857143
0.8640148244898246,1.3455883358094076,-0.7113944527584128,-0.357030092291901,-0.142857142857143
-0.1324143682837158,-0.47275371118857473,-0.7113944527584128,2.522244845546008,-0.142857142857143
-0.46455743254156256,0.072404787671885,0.9752625743294967,-0.357030092291901,-0.142857142857143
-1.460986625315103,1.5457891559383365,0.9752625743294967,-0.357030092291901,-0.142857142857143
0.31044305072674655,0.9363910529298095,0.6004499016432946,-0.357030092291901,-0.142857142857143
0.19972869597413098,-0.7933234717416439,-0.7113944527584128,-0.357030092291901,-0.142857142857143
0.9747291792424401,1.2428677951912266,0.6004499016432946,2.522244845546008,-0.142857142857143
-1.1288435610572563,1.641727342262156,-0.7113944527584128,-0.357030092291901,-0.142857142857143
-1.6824153348203341,0.3906899657258009,0.9752625743294967,-0.357030092291901,-0.142857142857143
-0.7967004967994094,-0.6000335136726538,0.9752625743294967,-0.357030092291901,-0.142857142857143
0.19972869597413098,1.6656297866595475,0.6004499016432946,-0.357030092291901,-0.142857142857143
-1.3502722705624872,-0.32040061577628803,0.9752625743294967,-0.357030092291901,-0.142857142857143
0.8640148244898246,0.512044132352701,-0.7113944527584128,-0.357030092291901,7.000000000000001
-1.5717009800677184,-0.19883226954009228,-0.7113944527584128,-0.357030092291901,-0.142857142857143
-1.3502722705624872,0.7859512953605637,0.6004499016432946,-0.357030092291901,-0.142857142857143
0.5318717602319778,0.5579356833044432,0.9752625743294967,-0.357030092291901,-0.142857142857143
-1.1288435610572563,-0.6372008152057542,0.6004499016432946,-0.357030092291901,-0.142857142857143
1.6390153077581338,-1.500101903776581,0.6004499016432946,-0.357030092291901,-0.142857142857143
-0.35384307778894697,0.19895637948435893,0.6004499016432946,-0.357030092291901,-0.142857142857143
-1.1288435610572563,1.6660581458781387,-1.7421293026454687,-0.357030092291901,-0.142857142857143
0.753300469737209,-0.5799006303988652,0.9752625743294967,-0.357030092291901,-0.142857142857143
0.9747291792424401,-1.3553307665333594,-0.7113944527584128,-0.357030092291901,-0.142857142857143
-0.46455743254156256,-0.08366075430152581,-0.7113944527584128,-0.357030092291901,-0.142857142857143
-0.35384307778894697,-0.6348020035816433,0.6004499016432946,-0.357030092291901,-0.142857142857143
1.1961578887476714,1.3559546288993158,-1.7421293026454687,-0.357030092291901,7.000000000000001
1.6390153077581338,0.24366280326466536,0.6004499016432946,2.522244845546008,-0.142857142857143
-1.3502722705624872,0.38329362988479204,0.6004499016432946,2.522244845546008,-0.142857142857143
-1.5717009800677184,1.3615518560222415,0.6004499016432946,-0.357030092291901,-0.142857142857143
0.753300469737209,0.6746350130893185,-1.7421293026454687,-0.357030092291901,-0.142857142857143
-0.46455743254156256,-1.6026939366291846,0.6004499016432946,-0.357030092291901,-0.142857142857143
-0.35384307778894697,-0.7373940364342468,0.9752625743294967,-0.357030092291901,-0.142857142857143
0.6425861149845934,0.26830773697428173,-1.7421293026454687,-0.357030092291901,-0.142857142857143
-1.3502722705624872,-0.07723536602265711,0.9752625743294967,-0.357030092291901,-0.142857142857143
0.9747291792424401,1.3658211695675342,0.9752625743294967,-0.357030092291901,-0.142857142857143
-0.6859861420467938,-1.2954175904930636,0.9752625743294967,-0.357030092291901,-0.142857142857143
-0.7967004967994094,1.3504573522607282,0.6004499016432946,-0.357030092291901,7.000000000000001
0.42115740547936215,-0.5827706371634266,-0.7113944527584128,2.522244845546008,-0.142857142857143
1.3068722435002869,-1.0746412492311352,0.6004499016432946,-0.357030092291901,-0.142857142857143
-1.1288435610572563,0.5204399730370894,0.6004499016432946,-0.357030092291901,-0.142857142857143
-0.7967004967994094,1.3712898889248823,-0.7113944527584128,-0.357030092291901,-0.142857142857143
1.6390153077581338,0.11926728618576737,0.9752625743294967,-0.357030092291901,-0.142857142857143
-1.0181292063046405,-0.9460192545288035,-1.7421293026454687,-0.357030092291901,-0.142857142857143
-1.0181292063046405,-1.3082826456914207,0.6004499016432946,2.522244845546008,-0.142857142857143
-0.35384307778894697,-0.8913177823147014,-0.7113944527584128,-0.357030092291901,-0.142857142857143
-0.6859861420467938,-0.1604655621949363,0.6004499016432946,-0.357030092291901,-0.142857142857143
-0.46455743254156256,-1.3529319549092484,0.9752625743294967,-0.357030092291901,-0.142857142857143
-1.0181292063046405,0.26086856521141377,-0.7113944527584128,-0.357030092291901,-0.142857142857143
-1.3502722705624872,0.9644057458256771,0.6004499016432946,-0.357030092291901,-0.142857142857143
-1.6824153348203341,0.7936474826545865,0.6004499016432946,-0.357030092291901,-0.142857142857143
-0.021700013531100213,-0.8016193619416944,0.6004499016432946,-0.357030092291901,-0.142857142857143
-0.46455743254156256,-0.8799091484595545,-0.7113944527584128,-0.357030092291901,-0.142857142857143
0.6425861149845934,0.12477884146497474,0.9752625743294967,-0.357030092291901,-0.142857142857143
1.4175865982529026,0.8158364901776131,-1.7421293026454687,2.522244845546008,-0.142857142857143
1.4175865982529026,0.6534312317690518,0.9752625743294967,-0.357030092291901,-0.142857142857143
0.753300469737209,-1.2073469351507033,0.6004499016432946,-0.357030092291901,-0.142857142857143
0.6425861149845934,1.3886098799965885,-0.7113944527584128,2.522244845546008,-0.142857142857143
-1.460986625315103,-0.7518297421007718,0.6004499016432946,-0.357030092291901,-0.142857142857143
0.08901434122151539,0.2768891999867264,0.9752625743294967,-0.357030092291901,-0.142857142857143
-0.35384307778894697,-1.0601627076427511,0.6004499016432946,-0.357030092291901,-0.142857142857143
1.4175865982529026,1.2171662420757519,0.6004499016432946,-0.357030092291901,7.000000000000001
-1.2395579158098717,-0.8030615046442849,0.6004499016432946,2.522244845546008,-0.142857142857143
-1.0181292063046405,0.5402444475766247,-1.7421293026454687,-0.357030092291901,-0.142857142857143
-0.2431287230363314,-0.7454900256656214,0.6004499016432946,-0.357030092291901,-0.142857142857143
-0.1324143682837158,-0.7362803024659096,0.9752625743294967,-0.357030092291901,-0.142857142857143
-0.1324143682837158,0.63736776107188,0.6004499016432946,-0.357030092291901,-0.142857142857143
-1.5717009800677184,1.1149026179574015,0.6004499016432946,-0.357030092291901,-0.142857142857143
-1.6824153348203341,-1.3425942191005795,0.9752625743294967,5.401519783383916,-0.142857142857143
-0.5752717872941782,-1.4537819936062475,0.6004499016432946,-0.357030092291901,-0.142857142857143
-0.5752717872941782,-0.3516565600928293,0.6004499016432946,-0.357030092291901,-0.142857142857143
-0.907414851552025,0.07237623039064559,-0.7113944527584128,2.522244845546008,-0.142857142857143
-0.2431287230363314,1.1248548304693382,0.6004499016432946,-0.357030092291901,-0.142857142857143
-1.2395579158098717,1.2598879348099188,0.6004499016432946,-0.357030092291901,-0.142857142857143
0.31044305072674655,1.2316590623047556,0.6004499016432946,-0.357030092291901,-0.142857142857143
0.753300469737209,0.057969082005359995,-0.7113944527584128,-0.357030092291901,-0.142857142857143
-0.2431287230363314,1.11595923736326,0.9752625743294967,-0.357030092291901,-0.142857142857143
1.6390153077581338,-1.6470433943939982,-0.7113944527584128,-0.357030092291901,-0.142857142857143
-0.5752717872941782,-0.02743146754111485,0.9752625743294967,-0.357030092291901,-0.142857142857143
0.9747291792424401,1.6369154403733144,0.6004499016432946,-0.357030092291901,-0.142857142857143
-0.1324143682837158,0.3464690157265645,0.6004499016432946,-0.357030092291901,-0.142857142857143
-1.460986625315103,-1.4939906455913459,0.9752625743294967,-0.357030092291901,-0.142857142857143
0.19972869597413098,-1.3153362941575566,-1.7421293026454687,-0.357030092291901,-0.142857142857143
-1.3502722705624872,-1.4482847169676598,-1.7421293026454687,-0.357030092291901,-0.142857142857143
-0.7967004967994094,0.38350780949408764,-1.7421293026454687,-0.357030092291901,-0.142857142857143
-1.5717009800677184,-1.658109340874272,0.6004499016432946,-0.357030092291901,-0.142857142857143
1.0854435339950557,0.4060537830326069,0.6004499016432946,-0.357030092291901,-0.142857142857143
1.6390153077581338,-0.8755684417111632,0.6004499016432946,-0.357030092291901,-0.142857142857143
1.4175865982529026,-0.5830847672570602,-1.7421293026454687,2.522244845546008,-0.142857142857143
-1.1288435610572563,1.6616317672860292,0.9752625743294967,-0.357030092291901,-0.142857142857143
0.08901434122151539,0.20092683188987867,-1.7421293026454687,-0.357030092291901,-0.142857142857143
1.3068722435002869,-1.063975104688213,-1.7421293026454687,-0.357030092291901,-0.142857142857143
-0.907414851552025,-1.3687669673565048,-0.7113944527584128,2.522244845546008,-0.142857142857143
-1.5717009800677184,-1.0846505763055507,0.9752625743294967,2.522244845546008,-0.142857142857143
0.08901434122151539,0.11225647364149063,0.6004499016432946,-0.357030092291901,-0.142857142857143
1.6390153077581338,-0.028730823837508298,0.6004499016432946,-0.357030092291901,-0.142857142857143
-1.3502722705624872,-0.458646414256303,0.9752625743294967,-0.357030092291901,-0.142857142857143
0.8640148244898246,-0.09335595128230768,-0.7113944527584128,-0.357030092291901,-0.142857142857143
-0.2431287230363314,0.2538291953858976,0.6004499016432946,2.522244845546008,-0.142857142857143
1.1961578887476714,-1.3740072284639377,0.9752625743294967,-0.357030092291901,-0.142857142857143
0.9747291792424401,0.5107304974156879,-0.7113944527584128,-0.357030092291901,-0.142857142857143
0.42115740547936215,-0.7945085989130797,-1.7421293026454687,-0.357030092291901,-0.142857142857143
-1.460986625315103,1.5455178617665621,0.6004499016432946,-0.357030092291901,-0.142857142857143
-1.6824153348203341,0.9288376520419839,0.9752625743294967,2.522244845546008,-0.142857142857143
-1.6824153348203341,0.20543888232570645,-1.7421293026454687,-0.357030092291901,-0.142857142857143
1.6390153077581338,-1.515851244380119,0.9752625743294967,-0.357030092291901,-0.142857142857143
-0.35384307778894697,0.7658326907273949,0.6004499016432946,-0.357030092291901,-0.142857142857143
1.6390153077581338,-1.5808761737622703,-0.7113944527584128,-0.357030092291901,-0.142857142857143
-0.2431287230363314,1.5090930495456865,0.9752625743294967,-0.357030092291901,-0.142857142857143
1.4175865982529026,-0.7942373047413053,0.6004499016432946,-0.357030092291901,-0.142857142857143
-0.46455743254156256,-1.1581998541376677,-0.7113944527584128,-0.357030092291901,-0.142857142857143
-1.2395579158098717,-0.5017107943653429,0.6004499016432946,-0.357030092291901,-0.142857142857143
-0.2431287230363314,-1.4823107175644246,-1.7421293026454687,-0.357030092291901,-0.142857142857143
1.1961578887476714,1.1247548799850002,0.6004499016432946,-0.357030092291901,-0.142857142857143
-1.3502722705624872,0.47776111622478157,-0.7113944527584128,2.522244845546008,-0.142857142857143
-1.0181292063046405,0.8430801364800163,0.9752625743294967,-0.357030092291901,-0.142857142857143
-1.5717009800677184,-1.3715084663554888,-0.7113944527584128,2.522244845546008,-0.142857142857143
-1.5717009800677184,0.2537149662609399,-1.7421293026454687,-0.357030092291901,-0.142857142857143
0.31044305072674655,0.9559099546569506,-1.7421293026454687,2.522244845546008,-0.142857142857143
0.9747291792424401,0.05686962667764246,0.6004499016432946,2.522244845546008,-0.142857142857143
0.08901434122151539,-1.6113610714853475,0.6004499016432946,-0.357030092291901,-0.142857142857143
1.4175865982529026,0.7864653264228733,0.6004499016432946,-0.357030092291901,-0.142857142857143
-0.46455743254156256,0.3753975416220934,-1.7421293026454687,2.522244845546008,-0.142857142857143
-1.1288435610572563,0.256599251666121,-0.7113944527584128,-0.357030092291901,-0.142857142857143
-0.1324143682837158,0.3945880346149812,0.9752625743294967,-0.357030092291901,-0.142857142857143
0.42115740547936215,-1.453710600403149,0.6004499016432946,-0.357030092291901,-0.142857142857143
0.8640148244898246,-1.0699864123891103,0.6004499016432946,-0.357030092291901,-0.142857142857143
-0.907414851552025,-0.08170458053662578,-1.7421293026454687,-0.357030092291901,-0.142857142857143
0.08901434122151539,1.2130682722178956,0.9752625743294967,-0.357030092291901,-0.142857142857143
-1.460986625315103,-1.158528262871921,-0.7113944527584128,-0.357030092291901,-0.142857142857143
0.19972869597413098,1.1049218481642256,0.9752625743294967,-0.357030092291901,-0.142857142857143
1.3068722435002869,0.24206359551525805,0.6004499016432946,-0.357030092291901,-0.142857142857143
1.4175865982529026,-0.7870408698689723,0.6004499016432946,-0.357030092291901,-0.142857142857143
0.08901434122151539,1.5404203870653261,0.9752625743294967,-0.357030092291901,-0.142857142857143
0.31044305072674655,0.6490905250206604,-0.7113944527584128,-0.357030092291901,-0.142857142857143
0.753300469737209,-0.9168479917427397,0.6004499016432946,-0.357030092291901,-0.142857142857143
1.4175865982529026,-1.6558247583751187,-0.7113944527584128,2.522244845546008,-0.142857142857143
-0.6859861420467938,-0.18451079299852494,0.6004499016432946,-0.357030092291901,-0.142857142857143
0.42115740547936215,1.633017371484134,0.9752625743294967,-0.357030092291901,-0.142857142857143
0.9747291792424401,0.09228065541451884,-0.7113944527584128,-0.357030092291901,-0.142857142857143
-0.1324143682837158,1.2017738674877065,-0.7113944527584128,-0.357030092291901,-0.142857142857143
1.4175865982529026,0.8016435214016231,0.9752625743294967,2.522244845546008,-0.142857142857143
1.0854435339950557,-0.9285707556915201,0.9752625743294967,-0.357030092291901,-0.142857142857143
-1.1288435610572563,-0.3329229835997721,0.9752625743294967,-0.357030092291901,-0.142857142857143
0.6425861149845934,-1.5002018542609188,0.9752625743294967,-0.357030092291901,-0.142857142857143
-0.021700013531100213,1.4928725138016978,0.9752625743294967,-0.357030092291901,-0.142857142857143
-0.7967004967994094,-0.8802946717562866,-0.7113944527584128,-0.357030092291901,-0.142857142857143
-1.0181292063046405,0.496580364561557,-1.7421293026454687,-0.357030092291901,-0.142857142857143
-0.907414851552025,0.6544450152530511,-0.7113944527584128,-0.357030092291901,-0.142857142857143
