날짜,사번,이름,전화번호,핸드폰 기종,모델넘버,스테이터스,앱 접근 기록,ground_truth
2025-03-19 14:37:39,M40062,황미영,061-215-9593,LG Velvet,LM-G910N,차단됨,마이크 사용,0
2025-02-20 21:27:29,M42426,안은서,018-669-4859,Galaxy Note20,A2633,차단됨,정상,1
2025-06-13 00:26:39,M47247,김정남,062-838-9170,Galaxy Note20,SM-G991N,차단됨,카메라 접근,0
2025-06-15 18:02:44,M68085,이은주,011-480-8500,Galaxy S21,A2633,정상,위치 정보 요청,0
2025-05-05 20:57:03,M92114,이하은,016-749-2840,iPhone 13,A2633,차단됨,위치 정보 요청,0
2025-05-21 05:22:07,M26569,김정남,010-3503-5329,Galaxy Note20,A2633,정상,정상,0
2025-06-08 15:45:00,M27206,오민지,051-363-2041,iPhone 13,A2633,위험 감지,마이크 사용,0
2025-01-13 18:01:38,M79041,장정웅,061-979-5522,Galaxy Note20,SM-G991N,위험 감지,정상,0
2025-02-14 09:02:36,M32361,이병철,010-5572-4545,LG Velvet,SM-N986N,정상,정상,0
2025-05-25 10:48:30,M13744,남준혁,053-981-2188,Galaxy Note20,SM-N986N,차단됨,마이크 사용,0
2025-06-20 14:00:43,M14607,김동현,032-528-2673,Galaxy Note20,SM-G991N,정상,위치 정보 요청,0
2025-07-01 12:06:41,M96972,김상현,053-440-3253,Galaxy S21,SM-G991N,차단됨,위치 정보 요청,1
2025-05-17 16:36:24,M56771,김영수,019-916-7889,LG Velvet,A2633,위험 감지,카메라 접근,0
2025-03-01 17:46:18,M52624,배은서,064-798-4467,LG Velvet,SM-G991N,정상,마이크 사용,0
2025-01-15 04:18:57,M72410,조승현,064-743-7951,Galaxy S21,SM-N986N,차단됨,카메라 접근,0
2025-01-20 11:46:52,M71235,김준혁,052-883-3473,iPhone 13,LM-G910N,위험 감지,정상,0
2025-02-11 04:02:39,M80855,김지훈,010-7738-8738,LG Velvet,LM-G910N,정상,위치 정보 요청,0
2025-04-10 10:55:15,M45705,장서현,041-048-7850,LG Velvet,LM-G910N,정상,정상,0
2025-06-25 01:52:35,M81898,김예은,042-441-7676,Galaxy S21,A2633,위험 감지,정상,0
2025-04-08 03:52:02,M68306,김준혁,010-3989-3739,iPhone 13,SM-N986N,차단됨,위치 정보 요청,0
2025-02-13 00:02:21,M27709,김옥자,019-974-8715,LG Velvet,LM-G910N,위험 감지,위치 정보 요청,0
2025-07-12 19:03:32,M80685,류영순,070-0029-8365,Galaxy S21,A2633,정상,마이크 사용,0
2025-06-22 18:42:14,M33204,윤서영,031-221-9718,LG Velvet,LM-G910N,차단됨,위치 정보 요청,0
2025-03-15 12:39:36,M87441,홍유진,032-244-4610,Galaxy Note20,SM-G991N,정상,카메라 접근,0
2025-02-23 16:08:57,M88326,이민수,010-6184-1698,iPhone 13,SM-G991N,정상,위치 정보 요청,0
2025-01-01 03:22:41,M69840,최성진,041-992-1458,Galaxy Note20,A2633,위험 감지,정상,0
2025-04-30 16:39:43,M92712,김명숙,018-052-7846,iPhone 13,A2633,위험 감지,정상,0
2025-06-24 15:06:03,M93342,김영식,02-4238-5385,Galaxy S21,A2633,위험 감지,마이크 사용,0
2025-01-01 08:05:36,M83922,우지원,044-808-6032,LG Velvet,A2633,위험 감지,정상,0
2025-01-08 11:49:56,M67013,이건우,032-903-0294,LG Velvet,LM-G910N,위험 감지,카메라 접근,0
2025-04-26 13:51:40,M78610,김진우,016-978-8987,Galaxy S21,A2633,위험 감지,마이크 사용,0
2025-03-02 07:38:48,M93858,고미숙,052-128-2250,LG Velvet,A2633,정상,위치 정보 요청,0
2025-02-24 20:20:52,M93824,조서현,064-749-8313,Galaxy Note20,A2633,정상,위치 정보 요청,0
2025-06-04 10:12:49,M79964,최승민,052-458-6762,Galaxy S21,SM-G991N,정상,위치 정보 요청,0
2025-03-11 20:45:41,M50587,김현숙,031-707-5075,Galaxy Note20,SM-N986N,차단됨,정상,1
2025-03-14 03:56:44,M55504,김수진,031-299-6790,iPhone 13,SM-G991N,위험 감지,정상,0
2025-03-30 14:35:25,M73131,백지은,019-997-2202,LG Velvet,SM-G991N,정상,카메라 접근,0
2025-06-10 20:48:09,M80735,김선영,02-4267-2967,Galaxy Note20,SM-G991N,위험 감지,위치 정보 요청,0
2025-02-13 10:27:03,M39770,최준혁,044-951-0191,LG Velvet,SM-N986N,위험 감지,카메라 접근,0
2025-07-14 09:38:32,M21738,정유진,070-2512-6015,iPhone 13,SM-N986N,정상,위치 정보 요청,0
2025-01-01 17:53:24,M67915,김현우,011-898-1308,LG Velvet,SM-G991N,정상,마이크 사용,0
2025-05-21 19:27:09,M50352,김미숙,062-589-5882,iPhone 13,A2633,차단됨,카메라 접근,0
2025-07-14 12:58:17,M57943,박정웅,052-399-3813,Galaxy S21,SM-G991N,위험 감지,카메라 접근,0
2025-04-02 18:46:28,M64028,윤하윤,061-435-1841,LG Velvet,SM-G991N,정상,정상,0
2025-07-04 01:35:30,M44053,박수진,042-916-7306,Galaxy S21,SM-G991N,정상,정상,0
2025-07-02 20:52:23,M30410,강광수,044-989-6372,iPhone 13,SM-N986N,차단됨,카메라 접근,0
2025-04-01 23:18:19,M49789,김영미,031-877-7210,Galaxy S21,SM-G991N,위험 감지,마이크 사용,0
2025-01-09 12:30:33,M11383,박옥순,016-083-7506,Galaxy Note20,LM-G910N,정상,정상,0
2025-03-02 12:33:47,M10012,김민지,053-896-8365,Galaxy S21,SM-G991N,정상,위치 정보 요청,0
2025-07-02 13:03:47,M78592,배동현,062-798-6413,Galaxy Note20,SM-G991N,위험 감지,카메라 접근,0
2025-05-28 14:40:27,M27865,최지혜,070-2644-9372,iPhone 13,LM-G910N,위험 감지,정상,1
2025-02-03 07:27:03,M55073,이진호,051-594-7328,iPhone 13,SM-G991N,차단됨,정상,0
2025-01-31 20:02:18,M47586,조옥자,02-7702-4571,LG Velvet,SM-G991N,위험 감지,마이크 사용,0
2025-03-11 20:11:37,M71498,김은정,064-727-3387,Galaxy Note20,SM-G991N,차단됨,카메라 접근,0
2025-07-03 23:06:16,M80136,김지훈,052-819-9601,LG Velvet,A2633,위험 감지,위치 정보 요청,0
2025-01-30 05:01:55,M11090,최준영,041-651-9899,LG Velvet,A2633,위험 감지,마이크 사용,0
2025-01-27 13:16:40,M74478,홍하윤,032-323-1831,iPhone 13,A2633,위험 감지,카메라 접근,0
2025-07-01 19:17:17,M72530,최숙자,044-562-7030,Galaxy S21,LM-G910N,위험 감지,카메라 접근,0
2025-05-14 07:26:31,M49270,오정식,061-330-4031,iPhone 13,SM-G991N,차단됨,정상,0
2025-05-31 02:05:51,M11197,이성수,031-217-5281,iPhone 13,SM-G991N,차단됨,카메라 접근,0
2025-02-10 12:31:52,M66418,허정자,044-862-9990,Galaxy S21,A2633,정상,위치 정보 요청,0
2025-03-08 07:51:56,M48393,김영수,054-223-4868,Galaxy Note20,LM-G910N,정상,정상,0
2025-03-01 14:17:22,M88250,김시우,062-174-3834,Galaxy Note20,LM-G910N,차단됨,정상,0
2025-01-07 16:06:03,M40305,한진호,051-846-9395,Galaxy S21,LM-G910N,차단됨,위치 정보 요청,0
2025-04-05 09:32:08,M10946,류영호,041-761-0951,Galaxy S21,A2633,위험 감지,마이크 사용,0
2025-06-15 08:41:17,M81855,고재호,043-075-9310,LG Velvet,A2633,위험 감지,위치 정보 요청,0
2025-01-11 17:22:15,M58974,윤영길,064-795-3280,Galaxy S21,SM-G991N,차단됨,정상,0
2025-02-25 03:43:08,M34716,이예진,018-949-8339,Galaxy S21,SM-G991N,위험 감지,정상,0
2025-07-12 18:21:13,M63967,최지연,031-227-6413,LG Velvet,SM-G991N,정상,정상,0
2025-04-10 12:03:20,M83472,고은영,033-709-2151,Galaxy Note20,A2633,차단됨,위치 정보 요청,1
2025-04-19 06:55:24,M67292,송예원,033-380-2369,Galaxy S21,A2633,위험 감지,카메라 접근,0
2025-01-03 23:29:00,M61740,한시우,042-941-5310,Galaxy S21,LM-G910N,정상,카메라 접근,0
2025-03-14 11:00:49,M42754,이지민,051-634-5481,LG Velvet,A2633,차단됨,마이크 사용,0
2025-01-27 16:40:03,M31400,정성수,010-3744-8233,Galaxy S21,SM-G991N,차단됨,카메라 접근,0
2025-06-30 12:06:43,M94671,김지후,063-972-2154,LG Velvet,SM-G991N,차단됨,카메라 접근,0
2025-01-14 09:55:51,M61081,김경희,055-402-1109,iPhone 13,A2633,위험 감지,정상,0
2025-01-23 17:50:41,M59592,안영순,031-823-1615,LG Velvet,SM-N986N,위험 감지,정상,0
2025-04-17 10:29:51,M38913,엄준영,061-256-6999,iPhone 13,LM-G910N,정상,위치 정보 요청,0
2025-05-20 15:33:17,M44469,김영미,011-817-8532,iPhone 13,A2633,위험 감지,정상,0
2025-03-02 07:15:39,M20382,김순자,052-885-3780,LG Velvet,SM-N986N,위험 감지,정상,0
2025-03-24 04:52:53,M65343,김영희,016-836-1391,LG Velvet,SM-G991N,차단됨,마이크 사용,0
2025-07-12 01:55:45,M91962,김광수,062-838-3140,LG Velvet,A2633,정상,카메라 접근,0
2025-06-17 21:37:52,M41399,박동현,031-763-7917,Galaxy Note20,LM-G910N,차단됨,정상,0
2025-01-25 01:38:23,M77713,정미영,041-412-2498,Galaxy S21,SM-N986N,위험 감지,카메라 접근,0
2025-03-03 12:01:53,M90375,김경수,062-198-2431,LG Velvet,SM-N986N,차단됨,정상,0
2025-02-25 02:04:58,M99737,조동현,041-216-4948,iPhone 13,A2633,위험 감지,카메라 접근,0
2025-02-05 01:00:04,M45633,이정웅,051-089-0756,iPhone 13,A2633,차단됨,카메라 접근,0
2025-06-28 03:53:38,M47313,이건우,051-300-4554,LG Velvet,SM-N986N,정상,정상,0
2025-03-28 20:39:28,M94994,김은서,019-630-1474,Galaxy S21,SM-G991N,정상,위치 정보 요청,0
2025-02-11 12:23:47,M79722,김현준,051-018-8366,Galaxy S21,LM-G910N,차단됨,정상,0
2025-05-06 15:43:53,M45235,이숙자,011-460-9989,Galaxy S21,SM-G991N,정상,마이크 사용,0
2025-01-17 23:05:28,M64120,안지연,016-797-8466,iPhone 13,SM-N986N,차단됨,마이크 사용,0
2025-04-17 10:28:59,M34641,권옥순,016-751-4258,LG Velvet,SM-G991N,차단됨,카메라 접근,0
2025-07-03 12:01:29,M18973,홍수진,011-290-5823,LG Velvet,A2633,차단됨,카메라 접근,0
2025-01-20 10:37:32,M33908,구영희,042-992-9546,LG Velvet,SM-N986N,위험 감지,위치 정보 요청,0
2025-06-16 08:06:24,M27907,차준영,062-313-0077,iPhone 13,LM-G910N,차단됨,위치 정보 요청,0
2025-06-08 01:42:06,M47957,구동현,010-9602-6674,LG Velvet,LM-G910N,차단됨,정상,0
2025-05-16 19:14:48,M24464,박건우,042-340-3509,iPhone 13,SM-G991N,정상,카메라 접근,0
2025-03-11 19:32:25,M93478,홍은서,044-705-9974,iPhone 13,SM-G991N,차단됨,카메라 접근,0
2025-07-02 00:40:26,M69682,박수빈,064-734-2868,Galaxy S21,LM-G910N,차단됨,정상,0
2025-04-10 04:43:11,M90967,구지현,062-782-0441,LG Velvet,SM-N986N,정상,마이크 사용,0
2025-06-07 08:29:14,M69345,권지연,055-673-5044,LG Velvet,SM-G991N,정상,마이크 사용,0
2025-02-22 00:15:46,M45669,이숙자,053-671-9802,Galaxy Note20,SM-N986N,차단됨,카메라 접근,0
2025-06-01 01:22:25,M91625,이선영,070-1932-4128,Galaxy S21,LM-G910N,차단됨,정상,0
2025-01-28 17:20:44,M74486,이은정,032-448-3850,iPhone 13,SM-N986N,차단됨,위치 정보 요청,0
2025-07-07 23:08:35,M34613,이유진,016-396-9836,Galaxy S21,LM-G910N,정상,마이크 사용,0
2025-04-26 00:59:35,M52027,강정식,032-853-6681,Galaxy Note20,SM-N986N,차단됨,정상,0
2025-01-16 23:24:09,M12542,박보람,044-021-1144,Galaxy S21,A2633,차단됨,위치 정보 요청,0
2025-02-21 14:02:01,M29942,강현지,010-8621-0602,Galaxy S21,SM-N986N,정상,카메라 접근,0
2025-06-06 02:36:25,M16505,이민준,016-732-1755,Galaxy Note20,LM-G910N,위험 감지,위치 정보 요청,0
2025-07-14 00:41:52,M80119,류보람,053-737-5641,Galaxy S21,SM-N986N,차단됨,카메라 접근,0
2025-05-02 02:55:31,M12900,이우진,033-938-8164,Galaxy S21,A2633,정상,정상,0
2025-06-07 14:07:41,M34371,이영식,043-840-5643,Galaxy Note20,SM-G991N,정상,마이크 사용,0
2025-04-17 10:16:25,M23405,노순옥,033-652-9983,Galaxy Note20,SM-N986N,차단됨,마이크 사용,0
2025-01-24 05:21:31,M46977,김현우,016-355-9707,iPhone 13,LM-G910N,차단됨,정상,0
2025-04-17 00:37:19,M45283,이민수,064-787-4540,Galaxy Note20,A2633,정상,정상,0
2025-05-14 08:34:04,M26389,강정훈,042-718-5043,LG Velvet,SM-G991N,정상,카메라 접근,0
2025-03-27 16:31:10,M67464,김영순,017-057-7147,LG Velvet,SM-N986N,위험 감지,위치 정보 요청,0
2025-06-20 21:24:49,M11075,박승현,051-338-5085,LG Velvet,SM-G991N,정상,마이크 사용,0
2025-04-09 19:43:32,M40514,윤정수,031-910-8826,iPhone 13,SM-N986N,정상,위치 정보 요청,0
2025-05-05 06:52:24,M21822,강승민,031-671-7724,Galaxy S21,SM-N986N,차단됨,정상,0
2025-05-06 16:43:09,M29750,박재호,053-087-3475,Galaxy Note20,SM-G991N,차단됨,카메라 접근,0
2025-07-11 09:40:37,M11930,김승현,052-827-2661,iPhone 13,SM-G991N,위험 감지,마이크 사용,0
2025-01-26 09:53:42,M74694,김진우,043-436-3730,Galaxy S21,A2633,정상,정상,0
2025-04-01 16:10:55,M38467,김미정,041-163-2355,Galaxy Note20,SM-N986N,차단됨,마이크 사용,0
2025-05-02 18:31:44,M54815,강성훈,041-800-0268,Galaxy S21,SM-N986N,차단됨,위치 정보 요청,0
2025-05-12 03:00:46,M65082,김숙자,011-362-4870,Galaxy Note20,SM-G991N,위험 감지,카메라 접근,0
2025-05-31 06:01:31,M50838,성영철,041-848-6249,LG Velvet,A2633,위험 감지,마이크 사용,0
2025-05-21 23:31:35,M75325,배정순,054-932-4696,Galaxy Note20,SM-G991N,차단됨,카메라 접근,0
2025-06-24 15:30:35,M58679,서서윤,063-517-1267,Galaxy Note20,LM-G910N,정상,마이크 사용,0
2025-07-02 06:49:44,M70776,고성민,011-719-7853,iPhone 13,A2633,위험 감지,위치 정보 요청,0
2025-01-29 02:37:37,M14159,김현지,010-4247-9461,iPhone 13,LM-G910N,정상,정상,0
2025-07-02 09:33:35,M53286,문정자,017-040-3751,iPhone 13,A2633,위험 감지,마이크 사용,0
2025-02-07 21:21:08,M20515,안경수,042-973-5891,LG Velvet,SM-N986N,위험 감지,정상,0
2025-04-16 22:53:51,M29148,김서윤,031-409-9009,LG Velvet,SM-G991N,정상,위치 정보 요청,0
2025-03-25 22:50:47,M17345,손우진,010-0620-6663,Galaxy Note20,A2633,위험 감지,위치 정보 요청,0
2025-01-07 13:08:16,M44931,고은지,031-874-7207,iPhone 13,SM-N986N,정상,카메라 접근,0
2025-06-19 13:20:39,M61435,김경자,042-216-8619,LG Velvet,SM-N986N,차단됨,정상,0
2025-04-11 07:55:25,M19356,정명숙,064-701-6854,LG Velvet,LM-G910N,위험 감지,카메라 접근,0
2025-02-19 17:22:28,M81197,하영진,044-055-7761,Galaxy Note20,LM-G910N,위험 감지,정상,1
2025-06-17 06:40:22,M71623,김지훈,053-645-1278,Galaxy Note20,SM-N986N,위험 감지,정상,1
2025-06-28 08:05:28,M33803,남하윤,055-349-6566,Galaxy S21,LM-G910N,정상,마이크 사용,0
2025-04-01 08:24:23,M35191,구서연,011-673-4985,Galaxy S21,SM-N986N,정상,카메라 접근,0
2025-01-14 19:51:37,M42778,이민수,033-822-5957,Galaxy Note20,SM-N986N,정상,위치 정보 요청,0
2025-03-10 21:59:45,M60014,양지영,018-064-2973,Galaxy S21,SM-N986N,차단됨,카메라 접근,0
2025-01-20 18:43:35,M11653,황정남,055-232-0268,LG Velvet,LM-G910N,정상,정상,0
2025-07-04 21:43:58,M25985,홍승현,011-957-7158,Galaxy Note20,A2633,위험 감지,정상,0
2025-07-15 20:56:27,M42631,이성현,019-159-8318,Galaxy Note20,SM-N986N,정상,카메라 접근,0
2025-05-24 22:25:00,M60436,이성훈,033-943-0124,iPhone 13,SM-G991N,정상,마이크 사용,0
2025-05-12 04:45:21,M68059,권성수,064-778-4527,LG Velvet,SM-G991N,위험 감지,위치 정보 요청,0
2025-04-13 20:32:41,M42396,박지훈,055-861-2184,LG Velvet,LM-G910N,정상,마이크 사용,0
2025-04-17 10:23:30,M14392,이예은,041-102-6097,iPhone 13,SM-N986N,정상,카메라 접근,0
2025-04-23 15:03:06,M36106,김수진,064-733-9770,Galaxy S21,SM-N986N,위험 감지,카메라 접근,0
2025-02-28 21:18:59,M70402,서건우,052-269-6619,Galaxy Note20,A2633,위험 감지,위치 정보 요청,0
2025-02-07 06:32:14,M22315,양옥자,02-8634-9891,Galaxy S21,A2633,차단됨,카메라 접근,1
2025-04-02 13:29:44,M78306,이경수,043-098-9274,LG Velvet,SM-G991N,정상,정상,0
2025-03-26 11:13:00,M97294,이준혁,016-352-3607,Galaxy S21,SM-G991N,정상,카메라 접근,0
2025-05-10 09:35:12,M37321,김우진,053-742-9022,LG Velvet,SM-G991N,차단됨,위치 정보 요청,0
2025-05-10 22:06:09,M71974,성정수,011-196-2875,Galaxy Note20,SM-G991N,위험 감지,마이크 사용,0
2025-01-25 08:10:06,M61003,김정웅,053-380-3318,Galaxy Note20,SM-N986N,정상,카메라 접근,0
2025-04-30 04:48:36,M99318,김정순,042-693-6718,Galaxy Note20,SM-G991N,정상,마이크 사용,0
2025-06-25 19:49:46,M50908,서서영,053-790-0772,iPhone 13,A2633,차단됨,마이크 사용,0
2025-01-13 02:16:51,M52344,김성호,064-738-8169,iPhone 13,SM-N986N,정상,정상,0
2025-04-03 10:12:01,M30789,이지후,042-465-5042,iPhone 13,LM-G910N,위험 감지,위치 정보 요청,0
2025-03-30 15:31:29,M92465,홍혜진,064-726-0957,Galaxy Note20,A2633,위험 감지,마이크 사용,0
2025-07-11 16:48:33,M15529,강지원,018-735-7139,Galaxy Note20,LM-G910N,정상,정상,0
2025-02-06 01:26:04,M82034,박미경,016-889-6160,Galaxy S21,SM-G991N,위험 감지,카메라 접근,0
2025-03-17 12:45:18,M78278,이우진,042-459-8963,LG Velvet,SM-G991N,정상,마이크 사용,0
2025-06-17 04:15:14,M26009,이정자,062-116-8293,iPhone 13,SM-N986N,위험 감지,마이크 사용,0
2025-01-08 12:07:35,M43202,권도윤,054-931-0999,Galaxy Note20,SM-N986N,위험 감지,카메라 접근,0
2025-03-01 17:31:55,M73075,이영식,016-419-9475,Galaxy Note20,A2633,위험 감지,카메라 접근,0
2025-06-29 15:45:33,M93692,이순자,043-478-1637,LG Velvet,LM-G910N,위험 감지,정상,0
2025-04-12 12:59:38,M49166,강서영,011-837-6947,iPhone 13,SM-N986N,정상,카메라 접근,0
2025-06-13 07:05:28,M36047,박채원,044-430-4234,iPhone 13,SM-N986N,정상,카메라 접근,0
2025-02-13 08:08:07,M57241,안예은,061-277-6553,Galaxy S21,LM-G910N,정상,위치 정보 요청,0
2025-07-05 15:16:19,M16827,한우진,052-760-8045,Galaxy Note20,LM-G910N,정상,마이크 사용,0
2025-04-16 09:59:13,M97385,김수빈,044-308-9923,Galaxy S21,SM-G991N,차단됨,카메라 접근,0
2025-06-25 16:02:52,M38545,김성진,041-621-1244,Galaxy Note20,SM-G991N,차단됨,위치 정보 요청,0
2025-05-03 16:32:59,M24801,윤보람,070-8864-8822,LG Velvet,SM-N986N,정상,정상,0
2025-03-21 02:52:44,M40928,양예진,064-731-3070,Galaxy S21,SM-G991N,위험 감지,정상,0
2025-05-27 10:02:07,M92956,윤광수,016-048-6634,Galaxy Note20,SM-N986N,차단됨,위치 정보 요청,0
2025-04-04 22:35:00,M66906,박지민,054-444-8647,iPhone 13,SM-N986N,차단됨,정상,0
2025-01-18 15:53:49,M52534,박숙자,032-006-7571,LG Velvet,LM-G910N,위험 감지,카메라 접근,0
2025-06-30 11:51:53,M11974,이정수,033-707-9439,Galaxy Note20,SM-N986N,정상,정상,0
2025-06-22 04:54:07,M31936,최숙자,031-234-3101,Galaxy S21,SM-N986N,위험 감지,카메라 접근,0
2025-04-02 03:55:36,M46188,김정호,041-559-5934,Galaxy S21,SM-N986N,정상,카메라 접근,0
2025-06-19 09:16:36,M86637,박정희,070-3610-4465,Galaxy Note20,SM-G991N,위험 감지,카메라 접근,0
2025-05-13 11:55:39,M25682,김영수,042-550-5951,LG Velvet,SM-G991N,위험 감지,정상,0
2025-06-07 04:22:41,M61879,김정수,02-9025-2801,Galaxy Note20,A2633,차단됨,카메라 접근,0
2025-05-29 03:57:28,M41862,윤윤서,051-674-8581,Galaxy S21,LM-G910N,위험 감지,카메라 접근,0
2025-05-03 02:56:39,M11170,장은영,042-104-9504,Galaxy S21,A2633,정상,카메라 접근,0
2025-02-21 02:59:53,M15504,김수민,016-818-8544,iPhone 13,SM-N986N,위험 감지,정상,0
2025-01-27 17:13:16,M86162,손수진,042-631-1797,iPhone 13,SM-N986N,정상,위치 정보 요청,0
2025-07-13 07:00:06,M72294,김은정,016-568-0482,Galaxy S21,A2633,위험 감지,위치 정보 요청,0
2025-04-21 02:27:13,M88146,장주원,051-499-4742,iPhone 13,LM-G910N,차단됨,마이크 사용,0
2025-01-08 16:23:09,M30315,장종수,032-651-2657,iPhone 13,SM-N986N,정상,카메라 접근,0
2025-02-09 06:11:05,M58679,안진호,018-662-9204,Galaxy Note20,SM-N986N,정상,카메라 접근,0
2025-01-23 22:03:58,M21728,김정숙,031-510-9573,LG Velvet,SM-G991N,위험 감지,카메라 접근,0
2025-04-12 03:38:56,M42600,박순옥,043-131-8017,Galaxy Note20,SM-N986N,차단됨,위치 정보 요청,0
2025-01-05 09:06:27,M30669,신정희,017-262-4930,Galaxy Note20,SM-N986N,차단됨,카메라 접근,0
2025-06-22 03:28:22,M75525,손민서,063-250-4847,iPhone 13,SM-N986N,차단됨,카메라 접근,0
2025-05-08 15:14:47,M21980,신준혁,016-688-6441,iPhone 13,A2633,정상,마이크 사용,0
2025-03-27 08:30:12,M99908,김영수,055-627-4295,LG Velvet,SM-G991N,정상,마이크 사용,0
2025-02-27 20:42:44,M91087,최순옥,033-825-5431,LG Velvet,SM-N986N,차단됨,위치 정보 요청,0
2025-07-11 03:01:10,M54357,고지은,011-746-6818,LG Velvet,LM-G910N,차단됨,카메라 접근,0
2025-01-17 12:43:09,M91937,최예준,054-860-4020,Galaxy Note20,SM-N986N,정상,마이크 사용,0
2025-06-20 20:41:28,M17871,양성현,017-031-2805,LG Velvet,SM-N986N,위험 감지,위치 정보 요청,0
2025-02-12 15:17:18,M17834,박지훈,011-546-9391,Galaxy S21,LM-G910N,차단됨,정상,0
2025-04-10 23:40:42,M56598,이정수,043-488-2539,Galaxy S21,LM-G910N,위험 감지,마이크 사용,0
2025-04-24 21:33:48,M94485,박현준,011-133-0912,Galaxy Note20,LM-G910N,위험 감지,위치 정보 요청,0
2025-05-28 00:51:02,M30174,김영순,019-795-6057,iPhone 13,SM-G991N,정상,위치 정보 요청,0
2025-06-19 06:26:24,M80300,이혜진,043-893-4192,LG Velvet,SM-G991N,차단됨,카메라 접근,0
2025-01-11 16:31:21,M24076,권서연,063-881-5952,Galaxy S21,SM-G991N,차단됨,위치 정보 요청,0
2025-07-09 06:07:23,M26492,한성현,031-051-5530,LG Velvet,A2633,정상,위치 정보 요청,0
2025-01-26 18:33:17,M73942,박명숙,070-4739-9227,Galaxy S21,LM-G910N,정상,위치 정보 요청,0
2025-06-14 06:30:44,M40497,이영철,063-872-8526,Galaxy S21,LM-G910N,위험 감지,위치 정보 요청,0
2025-03-29 23:07:37,M51515,이미영,033-738-8962,LG Velvet,SM-G991N,차단됨,카메라 접근,0
2025-01-10 21:11:14,M83184,박지아,033-620-0918,Galaxy S21,LM-G910N,정상,위치 정보 요청,0
2025-02-24 21:06:03,M94495,이영미,064-765-7952,LG Velvet,SM-N986N,정상,정상,0
2025-07-09 01:10:54,M55523,지예은,043-347-0686,Galaxy S21,SM-G991N,차단됨,위치 정보 요청,0
2025-04-20 16:12:50,M67503,김수민,042-152-6806,iPhone 13,SM-N986N,위험 감지,위치 정보 요청,0
2025-03-11 15:09:31,M35292,이춘자,054-694-2381,Galaxy Note20,LM-G910N,차단됨,정상,0
2025-04-14 12:12:32,M12798,황지훈,062-904-8247,Galaxy Note20,LM-G910N,위험 감지,마이크 사용,0
2025-04-12 07:39:12,M59514,김재호,061-694-1989,LG Velvet,SM-N986N,정상,카메라 접근,0
2025-05-06 22:40:38,M56945,김영수,031-126-7178,Galaxy Note20,LM-G910N,정상,카메라 접근,0
2025-01-31 23:00:37,M27659,이은지,054-545-9007,Galaxy Note20,SM-G991N,위험 감지,마이크 사용,0
2025-06-02 00:21:33,M42859,오은지,055-751-5512,Galaxy Note20,A2633,차단됨,위치 정보 요청,1
2025-02-21 03:16:10,M15175,이지원,061-847-2722,Galaxy Note20,A2633,위험 감지,위치 정보 요청,0
2025-01-19 04:44:24,M73609,강민수,051-518-5343,iPhone 13,A2633,차단됨,마이크 사용,0
2025-05-30 08:04:57,M67344,박준영,042-624-9056,iPhone 13,LM-G910N,정상,위치 정보 요청,0
2025-02-02 20:47:28,M83272,김정식,044-969-5105,Galaxy Note20,SM-G991N,정상,마이크 사용,0
2025-01-18 02:47:12,M48628,김진호,052-032-1875,iPhone 13,SM-G991N,정상,위치 정보 요청,0
2025-07-03 00:43:02,M81137,오순자,051-272-9706,iPhone 13,LM-G910N,위험 감지,위치 정보 요청,0
2025-04-27 19:58:43,M74237,홍미숙,017-853-7826,Galaxy Note20,SM-G991N,위험 감지,정상,0
2025-02-05 20:09:55,M34874,김민석,064-797-9832,LG Velvet,LM-G910N,차단됨,마이크 사용,0
2025-06-18 05:32:17,M84278,노민수,017-554-4899,Galaxy Note20,A2633,위험 감지,카메라 접근,0
2025-06-14 20:12:26,M34461,박현정,043-482-3453,iPhone 13,SM-G991N,차단됨,위치 정보 요청,0
2025-03-27 23:22:58,M81253,이상철,070-9521-9890,LG Velvet,LM-G910N,위험 감지,카메라 접근,0
2025-05-24 13:15:20,M55569,남정자,064-735-0832,iPhone 13,SM-G991N,위험 감지,카메라 접근,0
2025-01-30 02:54:49,M52425,김도현,032-605-8126,iPhone 13,SM-N986N,차단됨,카메라 접근,0
2025-01-19 20:04:47,M71393,최재호,019-529-4030,Galaxy S21,SM-N986N,정상,정상,0
2025-06-14 19:23:32,M46087,배순옥,053-698-5175,Galaxy S21,SM-N986N,차단됨,정상,1
2025-01-02 02:17:20,M88470,최현정,042-636-0446,Galaxy S21,LM-G910N,차단됨,마이크 사용,0
2025-04-22 11:22:19,M82682,하민재,041-868-6123,iPhone 13,SM-G991N,위험 감지,위치 정보 요청,0
2025-06-11 04:11:34,M31016,김성수,019-356-4346,Galaxy Note20,SM-N986N,정상,위치 정보 요청,0
2025-02-10 17:00:42,M19027,오재호,064-702-9792,Galaxy Note20,SM-G991N,정상,위치 정보 요청,0
2025-02-24 09:57:23,M79617,김서윤,042-115-5482,iPhone 13,LM-G910N,차단됨,위치 정보 요청,0
2025-03-27 11:55:16,M30319,이동현,02-3977-8915,Galaxy S21,SM-N986N,차단됨,마이크 사용,1
2025-06-11 00:44:50,M68901,강예원,031-096-9304,iPhone 13,SM-N986N,차단됨,위치 정보 요청,1
2025-05-24 03:38:29,M48754,최재호,052-100-5491,Galaxy Note20,LM-G910N,정상,위치 정보 요청,0
2025-06-22 21:02:03,M44517,최지연,052-783-0530,Galaxy Note20,SM-G991N,위험 감지,마이크 사용,0
2025-05-28 04:03:49,M80989,김병철,017-779-0803,Galaxy Note20,SM-N986N,정상,정상,0
2025-02-01 04:46:53,M58118,서윤서,062-810-1055,iPhone 13,SM-G991N,위험 감지,위치 정보 요청,0
2025-01-16 14:06:10,M69517,손정희,064-795-8127,Galaxy Note20,A2633,차단됨,정상,0
2025-01-26 23:27:05,M10094,김병철,044-656-3195,Galaxy Note20,LM-G910N,정상,정상,0
2025-03-30 20:21:50,M93627,박정훈,041-812-8047,Galaxy Note20,SM-N986N,정상,위치 정보 요청,0
2025-06-27 16:29:11,M76316,이지우,042-174-9372,Galaxy Note20,LM-G910N,차단됨,카메라 접근,0
2025-02-16 17:09:32,M59681,김지후,070-9937-3716,LG Velvet,A2633,차단됨,카메라 접근,0
2025-04-07 14:39:07,M34318,윤성훈,032-990-2124,iPhone 13,LM-G910N,위험 감지,위치 정보 요청,0
2025-06-29 10:40:32,M12453,박숙자,054-576-7563,iPhone 13,LM-G910N,위험 감지,마이크 사용,0
2025-03-20 16:16:54,M91229,배지연,017-778-7136,Galaxy Note20,SM-N986N,정상,마이크 사용,0
2025-01-26 23:19:23,M57720,강정자,041-127-2202,Galaxy S21,A2633,차단됨,위치 정보 요청,1
2025-01-28 00:07:33,M91290,송영숙,051-743-8894,Galaxy Note20,SM-N986N,차단됨,마이크 사용,0
2025-03-21 11:07:50,M41298,권현주,062-786-8564,iPhone 13,SM-G991N,위험 감지,정상,0
2025-02-01 20:38:50,M52034,김상훈,017-705-1552,LG Velvet,A2633,차단됨,위치 정보 요청,0
2025-04-28 13:48:34,M18302,강민지,017-183-8626,Galaxy Note20,LM-G910N,위험 감지,위치 정보 요청,0
2025-06-14 03:23:43,M96283,김상훈,064-795-1707,LG Velvet,LM-G910N,차단됨,카메라 접근,0
2025-03-01 02:57:04,M80642,김현지,052-721-7807,Galaxy S21,SM-G991N,위험 감지,카메라 접근,0
2025-06-17 20:46:58,M60789,최춘자,011-575-7886,Galaxy S21,LM-G910N,차단됨,위치 정보 요청,0
2025-07-08 01:36:15,M34886,손정남,051-581-7762,Galaxy Note20,SM-N986N,위험 감지,정상,0
2025-04-17 01:30:18,M78690,이예진,010-9829-2964,LG Velvet,A2633,위험 감지,마이크 사용,0
2025-03-23 12:02:14,M99551,이성민,010-2577-6467,Galaxy S21,SM-G991N,정상,정상,0
2025-03-31 18:00:45,M75214,장정숙,052-103-9446,Galaxy Note20,SM-G991N,차단됨,카메라 접근,0
2025-03-25 00:17:51,M82281,이서준,063-982-6870,Galaxy S21,LM-G910N,위험 감지,마이크 사용,0
2025-04-21 14:47:25,M30202,구정수,042-871-1023,iPhone 13,LM-G910N,위험 감지,위치 정보 요청,0
2025-05-24 15:01:34,M90352,노영진,055-498-8047,LG Velvet,SM-G991N,정상,카메라 접근,0
2025-01-05 11:06:11,M47110,박옥순,041-029-3414,Galaxy Note20,SM-N986N,위험 감지,마이크 사용,0
2025-01-17 19:38:49,M52283,최정순,062-313-7411,Galaxy S21,SM-N986N,차단됨,카메라 접근,0
2025-05-17 06:57:29,M63713,문경숙,010-1301-7445,Galaxy S21,A2633,위험 감지,카메라 접근,0
2025-05-07 03:00:37,M94004,강영미,064-751-6396,iPhone 13,LM-G910N,정상,정상,0
2025-07-11 23:05:00,M52208,박정호,062-091-0935,Galaxy Note20,SM-G991N,차단됨,정상,0
2025-05-10 00:32:12,M24478,이순자,018-259-8984,Galaxy S21,LM-G910N,정상,정상,0
2025-03-04 20:23:10,M22616,이정웅,055-960-7507,LG Velvet,LM-G910N,차단됨,위치 정보 요청,0
2025-02-09 11:03:25,M78576,신민서,044-632-8406,Galaxy S21,SM-N986N,정상,위치 정보 요청,0
2025-01-05 13:17:06,M96362,김종수,063-774-6335,LG Velvet,LM-G910N,차단됨,정상,0
2025-06-10 09:27:16,M18739,권승민,033-342-6513,Galaxy S21,A2633,위험 감지,카메라 접근,0
2025-01-14 23:41:45,M15737,이영환,054-751-9038,Galaxy Note20,SM-N986N,정상,위치 정보 요청,0
2025-02-08 15:32:36,M27009,노수민,052-775-9475,Galaxy Note20,SM-N986N,정상,카메라 접근,0
2025-03-29 18:00:35,M33414,최현우,042-148-7529,Galaxy Note20,LM-G910N,차단됨,위치 정보 요청,0
2025-06-13 19:38:51,M14099,김지은,018-908-1318,LG Velvet,SM-N986N,정상,마이크 사용,0
2025-03-26 11:04:01,M36486,최현우,070-2904-3976,Galaxy Note20,A2633,위험 감지,마이크 사용,0
2025-03-30 07:34:31,M24031,이상호,017-482-9596,LG Velvet,SM-G991N,차단됨,위치 정보 요청,0
2025-06-21 21:14:33,M73618,김영환,054-970-1998,LG Velvet,A2633,차단됨,마이크 사용,0
2025-05-17 15:41:45,M35115,신수민,043-458-1809,LG Velvet,SM-N986N,차단됨,위치 정보 요청,0
2025-06-07 03:30:50,M22943,이지훈,033-029-1763,iPhone 13,A2633,위험 감지,정상,0
2025-01-07 18:11:39,M14170,진하윤,031-150-8312,Galaxy S21,SM-N986N,위험 감지,정상,0
2025-03-15 06:21:38,M84843,이하윤,016-747-5716,LG Velvet,LM-G910N,차단됨,마이크 사용,0
2025-06-23 11:29:54,M94115,한윤서,016-792-7100,LG Velvet,SM-N986N,정상,카메라 접근,0
2025-01-30 13:05:13,M60934,이춘자,031-900-4037,Galaxy S21,SM-G991N,차단됨,마이크 사용,0
2025-05-25 13:08:26,M96235,최준혁,043-901-1711,Galaxy Note20,A2633,차단됨,카메라 접근,0
2025-06-24 15:39:39,M74213,서은정,044-285-6120,iPhone 13,LM-G910N,정상,위치 정보 요청,0
2025-02-26 19:17:11,M78920,김서윤,031-724-5318,Galaxy S21,SM-N986N,차단됨,마이크 사용,0
2025-06-16 16:33:11,M91785,이재호,019-051-3954,LG Velvet,A2633,정상,정상,0
2025-05-12 08:09:33,M87371,성춘자,010-5316-1616,Galaxy S21,A2633,차단됨,카메라 접근,0
2025-07-09 07:52:14,M43546,한순옥,070-8877-6024,LG Velvet,A2633,위험 감지,위치 정보 요청,0
2025-02-20 13:51:13,M16433,안영일,052-419-1892,Galaxy Note20,LM-G910N,차단됨,정상,1
2025-05-30 15:35:37,M58018,윤숙자,055-570-6503,Galaxy S21,SM-N986N,정상,정상,0
2025-01-10 09:43:27,M38930,이서영,033-015-7254,iPhone 13,SM-N986N,위험 감지,정상,0
2025-01-21 22:07:55,M89423,신동현,010-2255-1587,Galaxy S21,LM-G910N,위험 감지,위치 정보 요청,0
2025-05-07 14:46:25,M19289,김영환,016-203-7232,LG Velvet,SM-G991N,차단됨,위치 정보 요청,0
2025-06-28 04:19:59,M11715,김예진,053-536-9225,LG Velvet,A2633,위험 감지,마이크 사용,0
2025-06-22 21:05:27,M37359,이영자,051-796-5751,iPhone 13,SM-N986N,위험 감지,위치 정보 요청,0
2025-05-09 15:17:27,M95950,박준영,032-162-1137,LG Velvet,LM-G910N,정상,카메라 접근,0
2025-01-30 11:13:09,M74409,이성훈,032-460-3407,LG Velvet,LM-G910N,차단됨,카메라 접근,1
2025-03-05 05:48:55,M20480,류현지,061-606-1285,LG Velvet,A2633,정상,마이크 사용,0
2025-06-18 14:54:37,M71349,박정훈,016-145-9268,Galaxy S21,LM-G910N,정상,카메라 접근,0
2025-07-04 23:58:01,M93744,김은영,042-264-0966,Galaxy S21,A2633,위험 감지,카메라 접근,0
2025-06-27 22:03:31,M17956,이지원,044-679-9657,iPhone 13,SM-N986N,위험 감지,카메라 접근,0
2025-04-29 18:07:00,M57307,안미정,017-141-0639,iPhone 13,A2633,정상,위치 정보 요청,0
2025-03-26 20:23:18,M83140,이준혁,010-0563-7930,Galaxy Note20,SM-G991N,위험 감지,카메라 접근,0
2025-06-10 02:49:03,M64519,고중수,02-3323-8547,LG Velvet,A2633,정상,정상,0
2025-06-04 04:51:19,M58374,장미숙,053-381-1489,iPhone 13,A2633,정상,위치 정보 요청,0
2025-01-09 22:41:14,M17641,엄정남,041-283-6518,LG Velvet,SM-G991N,차단됨,카메라 접근,0
2025-01-06 19:59:24,M90862,김주원,032-465-9056,iPhone 13,A2633,정상,카메라 접근,0
2025-05-26 03:31:00,M44840,양서영,062-694-9628,Galaxy Note20,LM-G910N,위험 감지,카메라 접근,1
2025-03-19 11:05:11,M79339,박아름,061-665-9249,iPhone 13,SM-N986N,차단됨,정상,0
2025-01-13 19:11:16,M15328,이동현,052-005-0407,Galaxy S21,SM-N986N,차단됨,카메라 접근,0
2025-04-18 23:25:21,M19225,고성호,062-482-0833,LG Velvet,SM-N986N,위험 감지,카메라 접근,0
2025-05-12 00:19:32,M49833,이현우,063-580-6529,Galaxy S21,SM-N986N,정상,마이크 사용,0
2025-04-30 03:33:53,M20215,김순옥,016-995-5652,iPhone 13,SM-G991N,정상,위치 정보 요청,0
2025-02-08 21:12:13,M38298,김진우,019-135-8577,iPhone 13,A2633,차단됨,위치 정보 요청,0
2025-05-14 05:11:13,M78089,윤주원,011-386-2257,Galaxy Note20,A2633,차단됨,정상,0
2025-01-26 11:31:57,M22729,김지민,016-892-4216,Galaxy Note20,LM-G910N,위험 감지,카메라 접근,0
2025-02-10 03:35:04,M23267,윤현준,053-006-1816,Galaxy Note20,A2633,차단됨,정상,0
2025-03-23 01:55:01,M40279,장재호,031-301-4078,iPhone 13,SM-G991N,정상,마이크 사용,0
2025-02-07 15:55:35,M79685,김경숙,063-026-0820,Galaxy Note20,LM-G910N,정상,정상,0
2025-06-13 22:13:00,M60506,서정숙,041-462-4212,iPhone 13,LM-G910N,위험 감지,위치 정보 요청,0
2025-03-15 19:27:42,M34832,이상철,063-762-0901,iPhone 13,A2633,위험 감지,정상,0
2025-05-12 03:28:41,M35312,이선영,053-822-5899,LG Velvet,SM-G991N,정상,마이크 사용,0
2025-07-01 02:32:40,M78969,김영미,052-486-7990,Galaxy S21,SM-N986N,위험 감지,정상,0
2025-02-10 19:54:18,M96098,박상현,054-000-7927,LG Velvet,SM-G991N,위험 감지,마이크 사용,0
2025-04-04 00:22:48,M42605,최민준,041-266-0236,Galaxy S21,SM-G991N,차단됨,정상,0
2025-06-19 09:17:05,M84714,김정희,062-100-1928,Galaxy S21,SM-G991N,차단됨,카메라 접근,0
2025-04-03 01:37:55,M91962,김정수,019-772-8484,iPhone 13,LM-G910N,차단됨,위치 정보 요청,0
2025-03-26 10:46:17,M33448,이경희,055-345-5789,Galaxy Note20,LM-G910N,정상,위치 정보 요청,0
2025-07-09 12:25:01,M83193,이유진,053-752-1765,Galaxy Note20,SM-G991N,정상,정상,0
2025-06-11 04:37:20,M83156,박승현,052-020-9099,Galaxy Note20,SM-N986N,정상,정상,0
2025-03-13 08:01:12,M64419,남영순,032-258-5838,LG Velvet,LM-G910N,차단됨,정상,0
2025-01-23 23:32:44,M23829,김영미,051-856-0991,Galaxy Note20,SM-G991N,위험 감지,마이크 사용,0
2025-06-15 14:05:25,M93705,박준서,052-886-5165,iPhone 13,SM-N986N,정상,정상,0
2025-02-24 09:51:37,M85571,이영식,041-712-6808,Galaxy Note20,A2633,위험 감지,정상,0
2025-01-19 14:26:12,M56918,류미경,061-229-5624,Galaxy Note20,A2633,차단됨,정상,0
2025-04-22 04:25:59,M98407,김정식,061-102-0506,Galaxy Note20,SM-G991N,차단됨,카메라 접근,0
2025-04-16 23:35:50,M70125,김건우,041-971-9074,LG Velvet,SM-G991N,위험 감지,정상,0
2025-02-08 18:45:33,M97194,이순자,043-356-0995,iPhone 13,LM-G910N,정상,위치 정보 요청,0
2025-03-02 18:45:48,M65977,김지우,070-1813-6126,Galaxy Note20,SM-N986N,차단됨,마이크 사용,0
2025-05-05 15:45:28,M23644,박민수,054-403-0385,Galaxy S21,SM-G991N,정상,위치 정보 요청,0
2025-07-14 10:51:56,M31864,양현준,041-574-3181,LG Velvet,A2633,차단됨,위치 정보 요청,0
2025-06-23 23:14:15,M33644,김지민,051-335-0839,Galaxy Note20,SM-G991N,차단됨,마이크 사용,0
2025-03-07 12:19:37,M82085,이현우,010-3678-1545,Galaxy Note20,LM-G910N,차단됨,위치 정보 요청,0
2025-01-16 06:26:50,M62632,김서연,02-6521-7363,LG Velvet,LM-G910N,차단됨,마이크 사용,0
2025-06-10 12:13:47,M76151,김영길,061-587-7420,Galaxy S21,SM-N986N,차단됨,마이크 사용,0
2025-05-13 13:41:20,M54238,허영환,070-9071-1684,Galaxy S21,A2633,차단됨,마이크 사용,0
2025-03-05 03:36:29,M96184,서영순,052-575-2119,LG Velvet,SM-N986N,차단됨,마이크 사용,0
2025-05-13 22:33:53,M30732,장영수,054-615-7360,Galaxy Note20,A2633,정상,카메라 접근,0
2025-06-03 23:12:49,M79979,박현준,02-3026-9209,LG Velvet,A2633,정상,마이크 사용,0
2025-07-13 14:50:15,M88632,오순자,042-611-6969,LG Velvet,SM-G991N,차단됨,위치 정보 요청,1
2025-05-31 13:29:31,M68066,이재현,041-180-1870,LG Velvet,A2633,정상,위치 정보 요청,0
2025-02-01 14:35:09,M56179,김성진,062-388-8988,LG Velvet,A2633,차단됨,정상,0
2025-02-21 13:54:06,M51307,강지원,017-412-1003,Galaxy S21,LM-G910N,정상,마이크 사용,0
2025-04-25 23:20:29,M82100,김영희,044-556-3479,LG Velvet,SM-N986N,정상,마이크 사용,0
2025-01-28 18:20:37,M52553,차영수,016-018-0594,Galaxy Note20,SM-N986N,위험 감지,정상,0
2025-01-25 08:57:24,M58722,이준서,064-772-0391,Galaxy Note20,LM-G910N,차단됨,정상,0
2025-04-05 02:05:51,M64046,박정남,031-325-6359,iPhone 13,SM-G991N,정상,위치 정보 요청,0
2025-05-15 13:15:16,M93000,김경희,019-308-2586,iPhone 13,SM-N986N,차단됨,위치 정보 요청,0
2025-06-10 14:16:20,M66438,배정훈,061-374-4178,LG Velvet,LM-G910N,차단됨,카메라 접근,0
2025-06-16 08:19:57,M52395,이하은,010-5020-5549,iPhone 13,SM-G991N,위험 감지,정상,0
2025-04-02 00:14:47,M89745,박지연,054-327-4137,LG Velvet,LM-G910N,정상,정상,0
2025-05-11 18:03:19,M41551,이예원,011-346-6411,Galaxy S21,SM-N986N,차단됨,마이크 사용,0
2025-05-03 02:35:11,M83812,전민서,017-414-8244,Galaxy S21,SM-N986N,정상,카메라 접근,0
2025-01-24 07:35:37,M81516,김민지,011-733-7450,Galaxy S21,A2633,차단됨,마이크 사용,0
2025-02-14 18:04:27,M38039,배지민,062-127-4688,Galaxy S21,LM-G910N,차단됨,위치 정보 요청,0
2025-05-01 09:03:37,M59160,윤준호,053-996-6094,Galaxy Note20,A2633,차단됨,위치 정보 요청,0
2025-07-02 22:17:59,M82120,이영식,061-929-7113,Galaxy S21,LM-G910N,차단됨,위치 정보 요청,0
2025-04-08 12:05:42,M43303,류병철,011-525-3920,Galaxy S21,SM-N986N,위험 감지,카메라 접근,0
2025-05-20 12:05:24,M57187,최서준,061-597-0954,Galaxy Note20,LM-G910N,차단됨,정상,0
2025-06-28 20:54:33,M69297,김수빈,064-737-5751,LG Velvet,LM-G910N,차단됨,마이크 사용,0
2025-04-30 13:27:06,M68654,김보람,011-580-0840,iPhone 13,SM-G991N,위험 감지,정상,0
2025-01-07 08:14:03,M62047,박영숙,062-449-5030,LG Velvet,SM-G991N,정상,마이크 사용,0
2025-01-28 13:18:54,M10025,이예원,055-881-6598,LG Velvet,SM-G991N,위험 감지,정상,0
2025-03-18 14:38:22,M14543,오광수,033-648-0889,iPhone 13,A2633,차단됨,마이크 사용,1
2025-07-15 13:50:05,M47287,이정훈,032-849-5456,Galaxy S21,LM-G910N,차단됨,위치 정보 요청,0
2025-07-04 03:25:21,M88087,고우진,055-025-4281,Galaxy S21,SM-N986N,차단됨,카메라 접근,0
2025-05-28 07:56:58,M12136,오유진,061-365-6037,Galaxy S21,LM-G910N,정상,위치 정보 요청,0
2025-06-28 12:28:23,M77844,송병철,016-321-6801,Galaxy S21,LM-G910N,위험 감지,위치 정보 요청,0
2025-03-30 07:16:24,M27705,권지원,02-0694-1886,iPhone 13,SM-G991N,위험 감지,정상,0
2025-07-11 06:46:26,M49562,남현지,033-943-3680,Galaxy S21,A2633,위험 감지,마이크 사용,0
2025-03-31 14:37:15,M10860,이영순,02-1496-9545,Galaxy S21,SM-N986N,위험 감지,위치 정보 요청,0
2025-05-21 02:33:50,M49365,조채원,031-361-1653,Galaxy S21,SM-N986N,정상,위치 정보 요청,0
2025-06-13 16:51:47,M39083,서선영,016-252-1849,iPhone 13,SM-G991N,차단됨,정상,0
2025-02-27 11:04:12,M38157,황아름,064-794-6780,Galaxy Note20,SM-N986N,차단됨,위치 정보 요청,0
2025-05-02 19:09:11,M51275,조광수,062-593-1386,iPhone 13,LM-G910N,위험 감지,마이크 사용,0
2025-06-07 01:42:38,M12844,이현정,052-999-1275,Galaxy S21,LM-G910N,위험 감지,카메라 접근,0
2025-02-16 20:20:58,M46170,최성수,061-471-6755,iPhone 13,SM-G991N,위험 감지,카메라 접근,0
2025-04-05 16:36:16,M82569,박현지,016-275-6423,LG Velvet,A2633,차단됨,정상,0
2025-04-21 20:25:51,M77013,지현지,051-577-1616,LG Velvet,LM-G910N,정상,카메라 접근,0
2025-01-02 17:06:21,M82918,김준혁,054-684-3083,Galaxy Note20,A2633,차단됨,위치 정보 요청,0
2025-04-18 04:49:18,M84798,박영호,044-533-1021,Galaxy S21,A2633,정상,정상,0
2025-07-17 02:22:39,M84922,김영순,043-293-1319,Galaxy Note20,SM-N986N,정상,마이크 사용,0
2025-04-10 18:07:44,M30278,허명숙,063-271-4068,LG Velvet,LM-G910N,위험 감지,위치 정보 요청,0
2025-04-11 20:17:56,M22358,최영일,043-935-1733,Galaxy Note20,SM-N986N,위험 감지,카메라 접근,0
2025-05-02 18:47:21,M14946,홍상호,042-130-0269,LG Velvet,SM-G991N,차단됨,위치 정보 요청,1
2025-02-20 17:07:46,M70341,황정식,041-264-9105,LG Velvet,LM-G910N,위험 감지,정상,1
2025-01-18 23:11:39,M56616,이영길,063-564-4981,iPhone 13,SM-G991N,위험 감지,위치 정보 요청,0
2025-03-21 13:52:26,M30461,서영희,053-867-1066,Galaxy S21,SM-N986N,정상,카메라 접근,0
2025-02-04 18:55:05,M28141,김상호,064-775-4919,LG Velvet,SM-N986N,위험 감지,카메라 접근,0
2025-02-28 19:13:19,M44732,이정자,062-077-8192,Galaxy S21,SM-N986N,정상,카메라 접근,0
2025-06-04 13:26:25,M58114,김서준,044-960-5502,Galaxy Note20,LM-G910N,위험 감지,카메라 접근,0
2025-02-26 07:33:47,M86304,구승민,053-792-6755,Galaxy Note20,SM-N986N,정상,정상,0
2025-01-01 21:00:14,M42749,이영진,070-2421-8605,LG Velvet,SM-G991N,차단됨,정상,0
2025-01-05 00:23:45,M40539,황하윤,018-220-6785,Galaxy S21,A2633,정상,위치 정보 요청,0
2025-04-20 13:09:44,M43586,이진호,02-5162-2920,LG Velvet,LM-G910N,차단됨,정상,0
2025-03-19 21:59:52,M49361,강은서,044-304-8618,LG Velvet,SM-G991N,정상,카메라 접근,0
2025-04-20 13:37:20,M22046,서선영,031-100-9469,iPhone 13,LM-G910N,차단됨,마이크 사용,0
2025-05-29 13:19:52,M84774,노상훈,064-744-0444,Galaxy Note20,SM-N986N,위험 감지,위치 정보 요청,0
2025-07-03 13:58:58,M62402,김서윤,018-965-8626,Galaxy S21,LM-G910N,정상,마이크 사용,0
2025-04-07 09:20:05,M84588,이주원,062-118-2417,Galaxy Note20,SM-N986N,정상,카메라 접근,0
2025-06-11 19:29:43,M38499,장하윤,019-551-2532,iPhone 13,SM-G991N,정상,마이크 사용,0
2025-04-05 00:34:44,M20118,이영식,062-544-3865,Galaxy Note20,SM-G991N,정상,위치 정보 요청,0
2025-06-20 12:45:43,M52558,최미숙,042-299-9799,iPhone 13,A2633,위험 감지,정상,0
2025-07-10 22:18:09,M73246,최영진,043-508-2529,Galaxy Note20,SM-N986N,위험 감지,카메라 접근,0
2025-06-26 20:39:00,M32662,김지현,064-766-1877,Galaxy S21,A2633,정상,위치 정보 요청,0
2025-01-06 11:11:39,M73999,강혜진,018-073-4842,iPhone 13,SM-G991N,차단됨,정상,0
2025-06-30 14:27:48,M85527,장현우,064-764-3585,Galaxy Note20,SM-N986N,차단됨,마이크 사용,0
2025-05-29 22:46:58,M22499,이시우,041-062-3523,iPhone 13,A2633,정상,카메라 접근,0
2025-05-01 16:47:52,M88018,김서연,032-192-9050,Galaxy S21,LM-G910N,정상,정상,0
2025-07-06 02:22:58,M94181,양영진,061-647-4263,Galaxy Note20,LM-G910N,위험 감지,마이크 사용,0
2025-04-12 17:22:20,M49373,김진우,064-799-1186,LG Velvet,SM-G991N,위험 감지,위치 정보 요청,0
2025-05-05 03:53:08,M14898,이미경,061-562-0813,Galaxy S21,SM-G991N,정상,위치 정보 요청,0
2025-04-03 01:29:00,M85534,백준혁,054-319-6644,Galaxy S21,A2633,차단됨,위치 정보 요청,0
2025-03-23 15:57:47,M60010,이지원,042-146-8744,Galaxy S21,A2633,차단됨,카메라 접근,0
2025-04-19 02:56:35,M20286,서미정,019-462-0531,Galaxy S21,A2633,위험 감지,카메라 접근,1
2025-05-17 04:20:15,M17329,노유진,062-517-9660,LG Velvet,SM-N986N,위험 감지,마이크 사용,0
2025-06-02 18:34:57,M53829,이정호,051-503-0286,Galaxy Note20,LM-G910N,정상,정상,0
2025-03-26 08:38:59,M55603,김성호,041-747-7183,Galaxy S21,SM-N986N,정상,마이크 사용,0
2025-04-27 02:22:39,M66925,박성훈,042-549-0170,Galaxy Note20,SM-N986N,위험 감지,정상,0
2025-04-25 23:28:26,M64594,박종수,031-806-7118,iPhone 13,A2633,정상,정상,1
2025-01-07 10:44:53,M25799,최선영,032-363-7815,Galaxy S21,LM-G910N,위험 감지,정상,0
2025-06-01 13:00:24,M39716,김영철,051-112-2881,Galaxy S21,A2633,정상,마이크 사용,0
2025-05-13 22:17:19,M95561,손준서,02-1452-9020,Galaxy Note20,LM-G910N,위험 감지,카메라 접근,0
2025-01-24 00:54:42,M88944,곽영희,053-087-7162,LG Velvet,LM-G910N,차단됨,정상,0
2025-05-01 21:46:53,M11498,김정숙,051-520-2890,iPhone 13,A2633,정상,마이크 사용,0
2025-06-18 04:35:04,M93084,최정훈,031-316-6802,LG Velvet,SM-G991N,정상,카메라 접근,0
2025-02-10 12:45:12,M92862,이재호,017-605-5562,Galaxy Note20,SM-N986N,차단됨,마이크 사용,0
2025-03-20 01:10:03,M60133,김재현,010-6096-3018,Galaxy S21,LM-G910N,차단됨,위치 정보 요청,0
2025-02-24 10:58:58,M17094,김영식,042-633-5550,Galaxy Note20,A2633,위험 감지,정상,0
2025-06-05 14:55:20,M49948,강은서,017-826-7152,Galaxy Note20,SM-N986N,정상,마이크 사용,0
2025-07-01 17:48:44,M78731,박수진,033-751-8457,Galaxy Note20,SM-N986N,차단됨,정상,0
2025-04-19 08:54:21,M15397,남윤서,018-992-6122,Galaxy Note20,A2633,위험 감지,카메라 접근,0
2025-05-02 12:54:25,M51853,박예원,02-7966-8041,Galaxy S21,SM-G991N,차단됨,위치 정보 요청,0
2025-01-11 04:07:19,M80769,김도현,063-496-9427,iPhone 13,SM-G991N,정상,위치 정보 요청,0
2025-06-14 02:04:15,M84044,황수민,064-769-3962,Galaxy S21,A2633,정상,마이크 사용,0
2025-06-20 03:27:05,M29605,박준혁,017-813-2523,Galaxy Note20,SM-G991N,정상,마이크 사용,0
2025-07-04 08:50:34,M52838,김도윤,062-006-2361,Galaxy Note20,SM-N986N,정상,카메라 접근,0
2025-01-08 13:30:26,M75850,류미정,063-410-3848,Galaxy S21,A2633,위험 감지,카메라 접근,1
2025-05-05 10:55:46,M38940,오영식,052-928-4530,LG Velvet,LM-G910N,위험 감지,정상,0
2025-02-10 09:48:46,M30079,손은서,032-014-6932,LG Velvet,A2633,차단됨,위치 정보 요청,0
2025-01-07 08:25:55,M16621,고은지,031-755-8522,LG Velvet,SM-G991N,정상,정상,0
2025-06-16 18:45:43,M98294,이상호,033-651-1116,Galaxy Note20,SM-N986N,정상,위치 정보 요청,0
2025-07-08 10:49:44,M61495,박미숙,041-634-2738,Galaxy S21,SM-N986N,정상,마이크 사용,1
2025-02-05 05:30:42,M68407,박영환,064-756-0846,Galaxy S21,LM-G910N,위험 감지,카메라 접근,0
2025-04-15 07:55:37,M88005,이아름,017-692-7017,LG Velvet,A2633,정상,마이크 사용,1
2025-01-02 18:23:48,M85399,이민지,018-290-4072,LG Velvet,SM-G991N,위험 감지,카메라 접근,0
2025-04-26 21:52:43,M76155,이재현,055-151-3734,Galaxy S21,LM-G910N,차단됨,위치 정보 요청,0
2025-04-29 06:37:52,M21807,김명숙,033-480-9674,Galaxy Note20,A2633,차단됨,위치 정보 요청,0
2025-06-25 02:45:31,M39109,김지후,070-5690-5062,LG Velvet,SM-G991N,위험 감지,카메라 접근,1
2025-06-11 17:37:08,M66614,성재현,041-650-5415,iPhone 13,SM-G991N,정상,마이크 사용,0
2025-06-22 06:56:39,M47982,이예원,053-719-1227,iPhone 13,SM-N986N,정상,카메라 접근,0
2025-02-09 22:07:49,M61684,황민준,061-598-1143,Galaxy S21,SM-N986N,차단됨,정상,1
2025-05-16 06:37:27,M29400,박은서,052-518-9620,Galaxy Note20,SM-N986N,정상,마이크 사용,0
2025-04-13 21:19:24,M27326,이시우,044-069-5722,iPhone 13,SM-G991N,차단됨,마이크 사용,0
2025-07-04 20:32:18,M54062,김성민,041-375-1829,LG Velvet,A2633,정상,정상,0
2025-02-21 07:12:38,M20819,서미경,054-670-0222,Galaxy Note20,A2633,위험 감지,마이크 사용,0
2025-05-28 13:12:43,M72371,하현우,031-236-8004,Galaxy S21,A2633,위험 감지,위치 정보 요청,0
2025-04-16 04:44:57,M84899,권지훈,017-151-0988,LG Velvet,LM-G910N,위험 감지,카메라 접근,0
2025-05-24 11:46:11,M16463,한준영,064-766-8655,Galaxy Note20,LM-G910N,정상,위치 정보 요청,0
2025-04-09 22:11:37,M81847,김민서,064-701-7952,Galaxy S21,SM-N986N,차단됨,마이크 사용,0
2025-07-11 23:58:15,M62322,최민재,061-418-6490,Galaxy Note20,SM-N986N,위험 감지,위치 정보 요청,0
2025-01-27 22:38:29,M44413,황지우,010-8488-2283,iPhone 13,A2633,정상,정상,1
2025-02-15 19:56:01,M21151,홍은경,062-357-4142,iPhone 13,SM-N986N,차단됨,마이크 사용,0
2025-07-03 03:53:27,M62235,이준혁,052-006-9124,Galaxy S21,A2633,차단됨,카메라 접근,0
2025-06-27 02:00:19,M75774,김명자,031-038-2325,iPhone 13,A2633,차단됨,카메라 접근,0
2025-06-24 09:56:02,M66949,전도윤,017-941-7403,Galaxy S21,LM-G910N,정상,카메라 접근,0
2025-05-13 18:24:47,M27088,김수민,02-6442-0801,iPhone 13,A2633,위험 감지,정상,0
2025-07-01 11:32:34,M27677,오정수,032-418-1788,Galaxy Note20,SM-N986N,위험 감지,카메라 접근,0
2025-04-01 13:47:14,M73035,박명자,033-753-2750,Galaxy Note20,A2633,위험 감지,위치 정보 요청,0
2025-06-17 09:50:40,M83308,강우진,017-178-5333,Galaxy S21,SM-N986N,위험 감지,위치 정보 요청,0
2025-04-15 12:28:52,M35966,김성수,041-493-3890,LG Velvet,A2633,차단됨,마이크 사용,0
2025-06-15 20:30:13,M73944,최중수,02-9952-6467,Galaxy Note20,SM-G991N,차단됨,카메라 접근,1
2025-06-06 22:52:31,M61815,최명자,033-522-6969,Galaxy Note20,LM-G910N,정상,정상,1
2025-05-04 06:12:14,M95491,이영숙,055-282-2165,Galaxy S21,LM-G910N,위험 감지,위치 정보 요청,0
2025-01-26 13:21:25,M84885,박지후,063-328-9991,Galaxy S21,A2633,차단됨,마이크 사용,0
2025-05-22 10:50:19,M35703,백지영,052-054-7463,LG Velvet,SM-N986N,차단됨,위치 정보 요청,0
2025-05-15 13:17:34,M83553,박영자,055-746-3448,Galaxy S21,A2633,정상,위치 정보 요청,0
2025-05-08 21:42:31,M90739,박성훈,054-290-3702,LG Velvet,LM-G910N,위험 감지,마이크 사용,0
2025-07-01 11:51:02,M78714,이상훈,010-1576-3462,Galaxy S21,SM-N986N,차단됨,위치 정보 요청,0
2025-03-23 01:06:26,M42275,오지은,010-8083-2498,Galaxy Note20,SM-G991N,위험 감지,위치 정보 요청,0
2025-04-16 19:56:21,M41760,김지훈,041-819-7618,Galaxy S21,SM-G991N,차단됨,정상,0
2025-06-13 15:21:59,M19390,김민재,018-446-9892,iPhone 13,SM-N986N,정상,마이크 사용,0
2025-04-29 06:43:15,M44898,박지아,017-866-4416,Galaxy Note20,A2633,정상,마이크 사용,0
2025-01-06 07:16:02,M66369,남시우,052-832-2607,iPhone 13,LM-G910N,정상,카메라 접근,0
2025-03-19 20:45:46,M52390,고상호,032-705-8181,iPhone 13,SM-N986N,정상,위치 정보 요청,0
2025-02-10 00:47:40,M99749,하영진,055-560-6909,Galaxy S21,A2633,차단됨,정상,0
2025-05-08 17:35:43,M85499,곽정남,031-991-6135,Galaxy S21,SM-N986N,차단됨,카메라 접근,0
2025-01-30 13:09:01,M21743,장민서,032-856-0778,iPhone 13,SM-N986N,정상,마이크 사용,0
2025-01-26 05:19:49,M24749,김은경,054-362-1432,Galaxy Note20,LM-G910N,차단됨,정상,0
2025-03-04 01:52:41,M98047,박은주,052-004-5175,Galaxy S21,SM-G991N,정상,마이크 사용,0
2025-05-31 17:11:03,M64209,이서준,033-530-2925,Galaxy Note20,SM-G991N,차단됨,위치 정보 요청,0
2025-04-27 04:45:42,M65514,이현준,032-024-7129,Galaxy S21,SM-G991N,정상,카메라 접근,1
2025-04-08 10:07:29,M57876,김준호,054-551-2464,iPhone 13,SM-G991N,차단됨,카메라 접근,0
2025-01-05 13:44:28,M55653,송우진,054-606-2941,iPhone 13,LM-G910N,차단됨,위치 정보 요청,0
2025-03-19 01:56:09,M34967,최지연,070-7510-8018,Galaxy S21,A2633,위험 감지,위치 정보 요청,0
2025-01-21 04:09:38,M52039,김예원,042-547-7954,iPhone 13,SM-N986N,위험 감지,마이크 사용,1
2025-01-17 23:29:11,M55157,김현정,070-9927-9299,Galaxy S21,LM-G910N,위험 감지,카메라 접근,0
2025-05-21 04:22:15,M87840,백정숙,044-997-2854,LG Velvet,SM-G991N,위험 감지,카메라 접근,0
2025-03-30 05:11:00,M95905,정도윤,053-165-0343,Galaxy S21,SM-G991N,차단됨,카메라 접근,0
2025-07-15 19:55:53,M13172,이하은,052-958-8570,Galaxy Note20,LM-G910N,차단됨,카메라 접근,0
2025-02-11 02:31:23,M49953,구지훈,031-093-6824,iPhone 13,SM-N986N,위험 감지,정상,0
2025-07-03 06:26:05,M32184,김현숙,043-591-3167,Galaxy S21,LM-G910N,정상,마이크 사용,0
2025-02-27 05:50:55,M55838,이서영,044-775-4994,Galaxy S21,SM-N986N,정상,정상,0
2025-06-01 14:32:19,M90769,김영환,017-127-3936,Galaxy S21,LM-G910N,정상,카메라 접근,0
2025-05-17 15:29:10,M67961,권영일,055-529-7081,Galaxy Note20,A2633,정상,위치 정보 요청,1
2025-06-25 13:35:14,M91681,최명숙,031-356-3190,iPhone 13,SM-G991N,정상,위치 정보 요청,1
2025-03-28 08:29:09,M29112,김영환,010-5907-2729,Galaxy S21,A2633,정상,카메라 접근,0
2025-04-27 20:38:48,M67732,고영일,061-247-5913,iPhone 13,LM-G910N,위험 감지,정상,0
2025-04-08 14:09:14,M15882,이순자,070-6699-9987,Galaxy Note20,A2633,차단됨,정상,0
2025-06-22 00:36:39,M40603,한미숙,018-212-4546,LG Velvet,SM-N986N,위험 감지,마이크 사용,0
2025-04-07 01:56:43,M36173,박진우,055-036-4139,Galaxy Note20,LM-G910N,차단됨,위치 정보 요청,0
2025-05-17 07:03:59,M99831,김영희,042-623-6403,LG Velvet,SM-N986N,차단됨,카메라 접근,0
2025-06-18 13:08:52,M58997,이동현,032-387-5915,Galaxy S21,A2633,위험 감지,정상,0
2025-07-10 11:39:06,M30446,최정순,031-791-0514,iPhone 13,SM-G991N,위험 감지,정상,1
2025-01-10 13:37:47,M21247,최선영,062-991-0626,LG Velvet,LM-G910N,차단됨,마이크 사용,0
2025-02-22 09:35:53,M24728,송영호,032-430-7741,iPhone 13,SM-N986N,차단됨,위치 정보 요청,0
2025-03-30 18:54:07,M17148,김상철,032-536-9854,Galaxy S21,A2633,정상,카메라 접근,0
2025-02-16 06:37:48,M41856,김숙자,017-760-4995,iPhone 13,LM-G910N,정상,위치 정보 요청,0
2025-01-16 04:29:43,M91396,김지아,062-976-0133,LG Velvet,SM-G991N,위험 감지,카메라 접근,0
2025-01-05 20:54:32,M29356,김선영,055-721-1692,Galaxy S21,LM-G910N,위험 감지,정상,0
2025-04-12 21:52:08,M47707,김지원,016-347-3913,Galaxy S21,SM-G991N,차단됨,정상,0
2025-06-24 06:01:27,M11800,김건우,053-083-5369,LG Velvet,A2633,위험 감지,카메라 접근,0
2025-07-16 15:56:37,M54993,권지연,043-494-5007,iPhone 13,SM-N986N,위험 감지,위치 정보 요청,0
2025-01-01 13:06:18,M24585,이서영,043-655-7110,Galaxy Note20,LM-G910N,위험 감지,위치 정보 요청,0
2025-07-09 10:04:17,M49992,장상현,063-743-6754,iPhone 13,LM-G910N,정상,마이크 사용,0
2025-03-23 08:01:59,M68990,김재호,053-926-0205,LG Velvet,SM-N986N,차단됨,카메라 접근,0
2025-05-12 05:57:56,M71759,박지후,053-864-1386,iPhone 13,LM-G910N,차단됨,위치 정보 요청,0
2025-02-14 05:10:57,M12981,김성수,042-779-6231,Galaxy Note20,LM-G910N,차단됨,정상,0
2025-04-05 12:31:00,M53499,박지민,061-783-9090,iPhone 13,LM-G910N,차단됨,위치 정보 요청,0
2025-03-14 18:16:46,M37395,오영일,011-571-7274,Galaxy S21,LM-G910N,정상,위치 정보 요청,0
2025-01-05 22:48:34,M80517,이민준,017-886-0147,iPhone 13,SM-N986N,정상,마이크 사용,0
2025-02-24 09:08:27,M37770,남영환,043-160-1194,Galaxy S21,A2633,정상,위치 정보 요청,0
2025-03-19 17:31:11,M36712,조영수,032-600-9839,Galaxy Note20,LM-G910N,차단됨,마이크 사용,0
2025-02-16 20:22:39,M81620,한도윤,02-6445-0293,iPhone 13,SM-N986N,차단됨,정상,0
2025-04-26 03:29:27,M78585,김상현,061-794-0736,Galaxy S21,A2633,정상,정상,0
2025-05-15 20:18:35,M43902,노준혁,070-5935-3986,Galaxy Note20,SM-N986N,위험 감지,정상,0
2025-04-10 22:00:35,M81932,윤민재,018-760-0851,Galaxy S21,SM-G991N,위험 감지,정상,0
2025-02-15 00:36:22,M73311,박춘자,043-764-6740,Galaxy S21,A2633,정상,정상,0
2025-03-25 13:02:20,M91663,류영길,064-726-9313,Galaxy S21,A2633,정상,위치 정보 요청,0
2025-01-11 21:40:18,M28526,황명자,070-1151-7988,iPhone 13,SM-G991N,차단됨,카메라 접근,0
2025-06-05 20:37:58,M97590,정우진,017-288-5853,Galaxy S21,A2633,정상,정상,0
2025-05-29 12:57:06,M12410,김영진,016-803-6433,LG Velvet,A2633,정상,위치 정보 요청,0
2025-06-30 08:20:13,M59362,장재호,070-8589-2792,Galaxy Note20,SM-G991N,위험 감지,마이크 사용,0
2025-06-21 09:06:58,M86415,김은주,061-853-4016,Galaxy Note20,SM-N986N,정상,정상,0
2025-02-18 05:49:48,M96969,정미정,042-919-3251,iPhone 13,LM-G910N,차단됨,카메라 접근,0
2025-05-10 06:43:03,M79048,한동현,061-834-5607,iPhone 13,A2633,위험 감지,위치 정보 요청,0
2025-05-06 20:17:45,M15699,서예지,010-4294-7277,iPhone 13,SM-N986N,차단됨,위치 정보 요청,0
2025-02-12 14:17:40,M43483,김정자,032-330-7171,LG Velvet,SM-N986N,차단됨,위치 정보 요청,0
2025-07-07 08:46:51,M32324,김상현,044-986-9184,Galaxy Note20,SM-G991N,위험 감지,마이크 사용,0
2025-05-04 01:23:03,M17878,송현정,062-969-1153,Galaxy Note20,SM-N986N,차단됨,카메라 접근,0
2025-01-25 18:31:23,M47226,김동현,070-8431-2566,iPhone 13,SM-G991N,차단됨,정상,0
2025-05-11 18:29:09,M36305,최영호,016-704-2855,iPhone 13,SM-N986N,위험 감지,마이크 사용,0
2025-04-17 06:27:05,M90997,박채원,044-610-4126,Galaxy S21,LM-G910N,차단됨,정상,0
2025-01-30 04:52:24,M45557,최경자,02-0891-6499,iPhone 13,SM-N986N,차단됨,카메라 접근,0
2025-07-15 02:13:17,M16957,고지아,032-023-6244,Galaxy Note20,SM-N986N,위험 감지,위치 정보 요청,1
2025-02-23 15:53:40,M70943,이옥자,032-213-9990,Galaxy S21,SM-N986N,차단됨,정상,0
2025-06-11 06:02:23,M95820,조지우,042-342-8981,LG Velvet,SM-G991N,위험 감지,위치 정보 요청,0
2025-05-27 23:01:35,M11092,김건우,018-289-4662,LG Velvet,A2633,위험 감지,위치 정보 요청,0
2025-01-17 23:31:57,M18729,양성민,033-368-2518,Galaxy Note20,SM-G991N,위험 감지,정상,0
2025-05-03 17:34:36,M60940,김경자,061-672-2744,Galaxy S21,LM-G910N,정상,정상,0
2025-04-15 01:38:03,M96556,문상철,017-823-4232,iPhone 13,SM-G991N,정상,카메라 접근,0
2025-02-05 02:45:55,M45561,홍수빈,033-399-7130,iPhone 13,A2633,위험 감지,정상,0
2025-05-12 04:25:50,M96898,윤정수,016-990-6509,Galaxy S21,LM-G910N,정상,카메라 접근,0
2025-02-08 21:24:44,M96520,장은정,052-130-7882,Galaxy S21,A2633,위험 감지,카메라 접근,0
2025-01-16 21:51:18,M57214,장지민,064-726-4817,LG Velvet,A2633,정상,정상,0
2025-02-17 18:49:07,M24141,박재현,054-157-4724,iPhone 13,LM-G910N,정상,위치 정보 요청,0
2025-07-01 21:37:56,M12500,김영길,011-474-8523,Galaxy Note20,A2633,차단됨,마이크 사용,0
2025-06-19 00:42:55,M48337,오옥자,011-235-0667,iPhone 13,SM-G991N,정상,정상,0
2025-05-08 00:29:06,M95119,우도현,02-0542-1977,LG Velvet,A2633,차단됨,정상,0
2025-07-14 16:44:53,M60662,김수민,061-342-6809,Galaxy S21,SM-N986N,정상,카메라 접근,0
2025-01-15 19:52:06,M40299,박현정,070-8165-9327,iPhone 13,SM-G991N,위험 감지,카메라 접근,0
2025-03-27 11:44:39,M59899,이도현,053-168-9002,Galaxy S21,A2633,차단됨,카메라 접근,0
2025-07-05 23:25:46,M76655,윤숙자,043-191-3905,iPhone 13,SM-N986N,정상,정상,0
2025-07-04 07:09:10,M23055,김상철,017-690-8312,Galaxy Note20,SM-G991N,정상,마이크 사용,0
2025-05-07 16:01:42,M51347,유성훈,042-638-2268,Galaxy Note20,LM-G910N,위험 감지,정상,0
2025-02-02 18:05:27,M73525,김영길,041-122-7236,iPhone 13,SM-G991N,차단됨,정상,0
2025-04-02 07:47:17,M88263,최진우,031-413-6334,iPhone 13,LM-G910N,위험 감지,정상,0
2025-03-06 18:25:32,M79672,송승현,02-6996-0212,Galaxy S21,SM-G991N,차단됨,마이크 사용,0
2025-03-18 18:53:46,M21537,조예지,042-293-0033,Galaxy S21,SM-N986N,위험 감지,마이크 사용,0
2025-04-17 16:17:09,M34434,진정순,064-797-3656,LG Velvet,LM-G910N,정상,카메라 접근,0
2025-02-05 18:58:40,M36066,황준혁,018-712-3714,LG Velvet,SM-G991N,위험 감지,위치 정보 요청,0
2025-03-19 22:16:46,M75621,황은주,042-301-9198,iPhone 13,LM-G910N,정상,정상,0
2025-05-11 11:29:25,M70029,고현숙,033-828-4023,Galaxy Note20,A2633,정상,카메라 접근,0
2025-04-04 18:19:50,M83490,김민서,055-567-6447,LG Velvet,SM-G991N,위험 감지,마이크 사용,0
2025-03-22 17:22:28,M12816,문서연,053-986-3568,LG Velvet,SM-G991N,정상,정상,0
2025-04-15 22:14:56,M15210,엄시우,011-435-5680,Galaxy Note20,SM-N986N,정상,마이크 사용,0
2025-04-06 13:02:32,M42426,송상훈,051-307-6541,Galaxy S21,SM-N986N,위험 감지,위치 정보 요청,0
2025-02-22 11:50:52,M79391,김서준,043-035-6864,Galaxy S21,SM-N986N,정상,카메라 접근,0
2025-04-25 20:37:15,M49967,김지혜,02-2641-6918,Galaxy S21,LM-G910N,차단됨,위치 정보 요청,0
2025-04-10 09:49:14,M53721,진영희,061-176-6119,iPhone 13,SM-G991N,정상,마이크 사용,0
2025-03-30 16:49:03,M74216,이영일,044-657-5960,iPhone 13,LM-G910N,정상,마이크 사용,0
2025-02-23 09:01:18,M61563,이중수,010-5716-9919,Galaxy S21,SM-G991N,위험 감지,카메라 접근,0
2025-06-02 00:53:22,M30578,김은주,055-446-8073,Galaxy Note20,SM-N986N,위험 감지,정상,0
2025-05-31 15:42:39,M12408,박동현,016-328-1450,Galaxy S21,LM-G910N,정상,정상,0
2025-02-21 13:32:03,M55453,김춘자,017-722-7865,Galaxy S21,A2633,차단됨,카메라 접근,0
2025-06-20 11:16:17,M99694,김성현,062-177-4311,iPhone 13,A2633,차단됨,정상,0
2025-01-22 19:02:54,M56125,박영환,017-432-4257,Galaxy Note20,SM-G991N,위험 감지,카메라 접근,0
2025-01-02 06:02:51,M56580,이영희,02-3260-7938,LG Velvet,LM-G910N,정상,카메라 접근,0
2025-04-13 15:32:28,M91950,권민재,044-822-4179,Galaxy Note20,LM-G910N,정상,마이크 사용,0
2025-03-24 15:32:28,M49626,배은지,062-868-8527,iPhone 13,SM-G991N,정상,카메라 접근,0
2025-06-17 10:15:48,M40959,우영희,031-014-2297,LG Velvet,SM-G991N,정상,카메라 접근,0
2025-04-26 12:33:52,M75700,김보람,02-3982-8565,iPhone 13,SM-N986N,위험 감지,카메라 접근,0
2025-01-06 20:13:23,M46159,서진호,017-029-0375,Galaxy S21,SM-G991N,정상,마이크 사용,0
2025-01-13 09:34:03,M18127,배수민,053-489-0704,LG Velvet,SM-N986N,정상,마이크 사용,0
2025-07-10 00:23:38,M92023,이수빈,011-129-4046,iPhone 13,LM-G910N,위험 감지,카메라 접근,0
2025-02-11 10:40:27,M43774,최성수,033-819-4482,Galaxy S21,A2633,차단됨,위치 정보 요청,0
2025-02-11 12:06:50,M60747,한서영,062-681-8850,iPhone 13,A2633,정상,정상,0
2025-04-23 02:56:03,M13862,박정희,063-402-5966,Galaxy Note20,SM-N986N,위험 감지,마이크 사용,0
2025-01-11 19:58:10,M82737,송건우,011-338-4007,iPhone 13,SM-G991N,차단됨,마이크 사용,0
2025-02-23 04:03:28,M46725,박정남,011-461-9469,Galaxy Note20,SM-G991N,정상,위치 정보 요청,0
2025-04-16 17:25:00,M39567,김영희,018-556-1184,iPhone 13,A2633,정상,카메라 접근,0
2025-03-07 08:10:21,M29884,이정남,031-451-3496,Galaxy S21,A2633,정상,위치 정보 요청,0
2025-07-17 03:17:21,M54798,이서현,063-776-9536,Galaxy Note20,SM-N986N,정상,위치 정보 요청,0
2025-06-25 21:48:00,M61491,강옥순,016-188-4632,Galaxy Note20,SM-N986N,정상,정상,0
2025-04-22 13:21:30,M96105,황정자,032-735-9219,Galaxy S21,LM-G910N,위험 감지,마이크 사용,0
2025-03-09 08:09:24,M27991,양영자,033-889-6031,Galaxy Note20,A2633,정상,위치 정보 요청,0
2025-03-09 03:41:46,M21507,김영환,011-692-1062,iPhone 13,SM-G991N,정상,카메라 접근,0
2025-01-28 07:38:48,M60096,김승민,044-973-0813,iPhone 13,LM-G910N,차단됨,카메라 접근,0
2025-05-05 18:27:22,M78251,김서영,055-713-6866,Galaxy Note20,SM-N986N,정상,정상,0
2025-06-09 13:23:32,M98866,이정호,052-292-1589,iPhone 13,SM-N986N,위험 감지,마이크 사용,0
2025-06-10 14:31:48,M90274,김보람,053-886-4794,Galaxy Note20,LM-G910N,차단됨,카메라 접근,0
2025-06-13 11:10:44,M91988,홍영수,053-432-3764,LG Velvet,A2633,정상,마이크 사용,0
2025-05-01 19:46:50,M99983,이준서,02-6760-8110,iPhone 13,LM-G910N,위험 감지,카메라 접근,0
2025-04-04 13:03:46,M39809,박지아,063-386-0342,Galaxy Note20,SM-G991N,정상,위치 정보 요청,0
2025-05-10 00:24:46,M64700,이채원,031-599-2153,iPhone 13,LM-G910N,위험 감지,카메라 접근,0
2025-06-25 04:34:04,M41504,강보람,02-3736-9961,LG Velvet,A2633,위험 감지,마이크 사용,0
2025-03-04 07:32:12,M85090,서영식,044-170-7553,LG Velvet,SM-N986N,정상,위치 정보 요청,0
2025-07-15 01:02:30,M30021,최진호,02-0035-1706,iPhone 13,SM-N986N,위험 감지,위치 정보 요청,0
2025-03-30 00:27:29,M65897,조은지,02-7396-9273,LG Velvet,SM-N986N,위험 감지,정상,0
2025-04-30 07:57:33,M50944,김예진,018-484-4009,iPhone 13,SM-N986N,차단됨,카메라 접근,0
2025-06-06 19:44:56,M89346,이민지,062-053-9729,Galaxy S21,LM-G910N,정상,정상,0
2025-06-09 20:26:58,M53160,하상호,010-9111-2422,Galaxy S21,SM-N986N,차단됨,마이크 사용,0
2025-01-13 02:16:56,M68873,김옥자,043-482-8667,LG Velvet,SM-G991N,차단됨,정상,0
2025-04-25 13:14:25,M81071,김성민,018-882-4586,iPhone 13,SM-N986N,위험 감지,정상,0
2025-04-30 07:18:41,M27271,이유진,042-142-1098,Galaxy S21,LM-G910N,차단됨,위치 정보 요청,1
2025-05-26 02:24:48,M37100,서수진,064-740-9261,Galaxy Note20,A2633,정상,정상,0
2025-04-01 01:08:02,M95520,안시우,031-811-7558,Galaxy Note20,SM-N986N,정상,마이크 사용,0
2025-06-30 21:53:04,M28163,우수민,054-772-5252,Galaxy Note20,SM-N986N,정상,정상,0
2025-04-17 13:29:59,M86156,김수민,062-894-7853,iPhone 13,SM-G991N,정상,마이크 사용,0
2025-05-19 04:56:21,M80956,이상현,011-969-1457,LG Velvet,SM-G991N,정상,마이크 사용,0
2025-01-10 12:26:25,M99659,김준영,064-777-0864,iPhone 13,LM-G910N,정상,마이크 사용,0
2025-02-03 23:17:51,M36517,김경자,018-864-8024,LG Velvet,SM-N986N,차단됨,카메라 접근,0
2025-06-26 15:33:18,M28102,서건우,041-071-9803,iPhone 13,A2633,위험 감지,카메라 접근,0
2025-02-28 22:47:02,M50501,손주원,011-614-0461,iPhone 13,A2633,차단됨,마이크 사용,0
2025-07-03 10:15:34,M78656,조민재,031-133-8419,iPhone 13,SM-N986N,위험 감지,정상,0
2025-06-02 17:34:58,M27727,김영순,011-398-0538,Galaxy S21,SM-G991N,위험 감지,정상,0
2025-05-05 02:09:32,M66369,송현지,042-943-2506,Galaxy Note20,LM-G910N,차단됨,위치 정보 요청,0
2025-01-02 23:31:33,M29025,김정식,064-720-4850,Galaxy Note20,SM-N986N,위험 감지,카메라 접근,0
2025-06-18 23:11:09,M96013,손시우,062-732-9719,iPhone 13,SM-N986N,차단됨,위치 정보 요청,1
2025-05-31 22:05:13,M84035,이재현,064-747-6780,Galaxy Note20,SM-G991N,정상,정상,0
2025-03-05 17:02:39,M30715,최수진,054-181-8167,Galaxy Note20,SM-N986N,정상,정상,0
2025-04-18 04:10:26,M51614,허영철,044-539-8807,LG Velvet,LM-G910N,차단됨,카메라 접근,1
2025-01-17 02:52:14,M18888,강정호,043-928-8243,Galaxy S21,A2633,차단됨,마이크 사용,0
2025-06-19 03:21:07,M83051,김보람,018-530-5282,Galaxy Note20,A2633,정상,위치 정보 요청,0
2025-07-10 14:40:13,M79856,박민수,010-0546-1278,iPhone 13,LM-G910N,차단됨,정상,0
2025-04-02 12:43:40,M25517,박준혁,054-596-6884,iPhone 13,A2633,위험 감지,마이크 사용,0
2025-04-10 16:13:21,M34134,유영철,051-222-9829,LG Velvet,SM-N986N,정상,마이크 사용,0
2025-02-21 01:17:43,M51628,김광수,02-1248-7835,Galaxy Note20,LM-G910N,위험 감지,마이크 사용,0
2025-05-03 19:04:57,M29073,김현준,070-2881-8407,iPhone 13,SM-G991N,정상,정상,0
2025-04-22 17:58:13,M13864,조영숙,044-599-0618,iPhone 13,SM-G991N,정상,정상,0
2025-04-23 23:45:02,M51771,윤병철,042-145-1175,Galaxy S21,SM-G991N,차단됨,카메라 접근,0
2025-05-05 21:57:09,M64269,윤영숙,070-6544-9689,Galaxy Note20,SM-G991N,위험 감지,마이크 사용,0
2025-07-09 03:05:43,M63903,윤춘자,044-753-6938,Galaxy S21,SM-N986N,정상,위치 정보 요청,0
2025-02-25 08:21:30,M49760,김미경,018-683-6835,Galaxy S21,SM-N986N,차단됨,카메라 접근,0
2025-03-05 23:41:54,M68065,강민수,011-864-4454,Galaxy Note20,SM-G991N,차단됨,마이크 사용,0
2025-01-18 17:25:54,M93472,박동현,033-632-5618,Galaxy S21,SM-N986N,위험 감지,위치 정보 요청,0
2025-04-11 04:46:35,M45887,김미영,017-343-9114,Galaxy Note20,LM-G910N,정상,위치 정보 요청,0
2025-04-23 16:58:16,M29917,권예은,011-285-4577,Galaxy Note20,LM-G910N,차단됨,카메라 접근,0
2025-07-11 03:10:16,M34632,김현주,019-139-5995,Galaxy Note20,LM-G910N,정상,마이크 사용,0
2025-05-27 13:42:25,M23994,성정식,033-473-9491,Galaxy S21,SM-G991N,위험 감지,정상,0
2025-04-17 15:17:37,M27241,이지혜,070-4341-1945,Galaxy Note20,SM-G991N,차단됨,카메라 접근,0
2025-05-20 21:21:00,M34215,윤수빈,042-164-8841,Galaxy Note20,SM-G991N,차단됨,카메라 접근,0
2025-07-09 12:16:28,M13433,이민지,042-685-7889,iPhone 13,SM-N986N,정상,카메라 접근,0
2025-01-28 14:24:34,M90213,박광수,043-522-5522,Galaxy S21,A2633,정상,위치 정보 요청,0
2025-01-14 11:30:12,M90864,최민재,055-696-2006,Galaxy S21,A2633,차단됨,마이크 사용,0
2025-05-03 18:47:45,M44978,이예준,063-819-4066,Galaxy Note20,SM-N986N,위험 감지,정상,0
2025-01-01 14:59:18,M89377,곽영길,061-869-1017,iPhone 13,SM-G991N,차단됨,마이크 사용,0
2025-07-13 05:33:52,M84323,서서준,062-358-1220,iPhone 13,SM-G991N,차단됨,카메라 접근,0
2025-05-13 01:19:46,M90263,서정남,053-361-0188,LG Velvet,SM-N986N,위험 감지,위치 정보 요청,1
2025-06-25 22:48:29,M40266,이예준,055-238-6757,LG Velvet,LM-G910N,위험 감지,위치 정보 요청,0
2025-01-20 16:08:01,M88166,권승민,051-893-5122,iPhone 13,LM-G910N,차단됨,카메라 접근,0
2025-01-27 21:02:00,M40432,김준혁,032-141-4726,Galaxy S21,SM-N986N,위험 감지,위치 정보 요청,0
2025-05-05 20:57:58,M40266,김정자,041-765-2292,Galaxy S21,SM-N986N,정상,마이크 사용,0
2025-04-06 07:20:59,M13418,허서준,053-302-4504,Galaxy Note20,LM-G910N,위험 감지,위치 정보 요청,0
2025-04-07 19:31:20,M57089,허현숙,010-1777-5881,LG Velvet,LM-G910N,차단됨,마이크 사용,0
2025-05-21 08:18:30,M20417,장성훈,062-189-1085,iPhone 13,A2633,위험 감지,마이크 사용,0
2025-05-10 16:30:15,M72469,김아름,064-740-5750,Galaxy Note20,A2633,차단됨,위치 정보 요청,0
2025-01-27 08:40:06,M27575,윤옥자,054-901-5828,Galaxy S21,A2633,차단됨,카메라 접근,0
2025-04-23 22:47:40,M75840,한성수,062-007-7697,Galaxy Note20,SM-G991N,위험 감지,마이크 사용,0
2025-02-24 04:13:23,M89260,김종수,070-3759-7300,Galaxy Note20,LM-G910N,차단됨,정상,0
2025-03-30 10:06:36,M71441,양서영,052-520-0623,iPhone 13,SM-G991N,위험 감지,마이크 사용,1
2025-02-17 03:02:44,M95140,박도윤,051-720-9301,Galaxy Note20,SM-N986N,위험 감지,위치 정보 요청,0
2025-01-19 22:18:17,M59015,최정남,053-298-7956,iPhone 13,SM-G991N,위험 감지,마이크 사용,0
2025-04-06 23:05:13,M34114,최옥자,017-409-5845,LG Velvet,SM-G991N,차단됨,정상,0
2025-02-22 01:03:20,M60785,김도윤,018-151-4885,Galaxy Note20,SM-N986N,위험 감지,정상,0
2025-05-10 14:45:50,M74414,김성현,02-4416-5492,Galaxy S21,SM-G991N,차단됨,정상,0
2025-02-22 10:49:38,M72108,이시우,011-117-3296,Galaxy S21,SM-G991N,차단됨,카메라 접근,0
2025-06-27 08:45:38,M28024,고재호,016-570-5901,Galaxy Note20,A2633,차단됨,정상,0
2025-03-13 15:24:22,M31467,김종수,070-7005-2602,LG Velvet,SM-N986N,정상,카메라 접근,0
2025-06-02 14:24:50,M35330,최서현,061-244-3017,Galaxy S21,SM-N986N,정상,정상,0
2025-04-09 06:57:38,M39658,김준호,043-411-7641,LG Velvet,SM-N986N,정상,정상,0
2025-06-26 22:51:38,M14224,이윤서,032-922-2161,Galaxy Note20,SM-N986N,정상,마이크 사용,0
2025-04-27 18:06:34,M63554,이동현,070-7304-0946,LG Velvet,LM-G910N,위험 감지,위치 정보 요청,0
2025-01-17 08:09:13,M11967,김지은,016-410-6635,iPhone 13,LM-G910N,정상,정상,0
2025-03-01 07:50:16,M45370,강정호,044-770-5527,Galaxy S21,SM-N986N,위험 감지,위치 정보 요청,0
2025-04-25 10:13:54,M64138,양경수,033-392-7536,LG Velvet,LM-G910N,정상,카메라 접근,0
2025-01-10 07:55:57,M39170,김경수,031-397-0467,Galaxy S21,SM-G991N,위험 감지,위치 정보 요청,0
2025-01-09 08:09:15,M97993,송민서,064-770-8900,LG Velvet,A2633,위험 감지,위치 정보 요청,0
2025-01-05 17:55:14,M36585,이지우,052-706-2800,Galaxy S21,A2633,위험 감지,정상,0
2025-07-02 23:47:29,M36812,최영일,054-931-6828,Galaxy S21,SM-G991N,차단됨,위치 정보 요청,0
2025-02-22 02:58:13,M18668,김정수,042-612-8205,Galaxy Note20,A2633,정상,정상,0
2025-03-14 06:08:16,M33209,윤서윤,054-267-2711,LG Velvet,SM-G991N,위험 감지,카메라 접근,0
2025-03-21 02:06:35,M67577,김종수,055-362-2916,Galaxy Note20,SM-G991N,위험 감지,정상,0
2025-05-11 22:06:20,M90879,박영순,053-659-1944,Galaxy S21,A2633,차단됨,위치 정보 요청,0
2025-06-19 08:44:58,M74217,오정웅,010-6201-0374,LG Velvet,SM-G991N,정상,마이크 사용,0
2025-01-16 07:59:45,M52584,백지연,041-312-9409,LG Velvet,A2633,정상,카메라 접근,0
2025-01-04 09:28:59,M69971,김진호,055-345-4053,iPhone 13,SM-N986N,정상,정상,0
2025-02-26 07:13:55,M42346,장지아,032-747-9047,Galaxy S21,A2633,위험 감지,위치 정보 요청,0
2025-02-23 10:33:51,M66040,장하윤,033-253-7536,iPhone 13,A2633,위험 감지,카메라 접근,0
2025-03-19 02:07:20,M63066,이지우,011-469-1015,iPhone 13,SM-N986N,차단됨,카메라 접근,0
2025-03-02 05:30:09,M15482,남정숙,063-173-7455,LG Velvet,A2633,위험 감지,카메라 접근,0
2025-07-10 09:27:31,M89682,박영진,010-3145-3336,iPhone 13,SM-G991N,정상,정상,0
2025-02-12 16:48:40,M59856,이지우,055-446-9005,Galaxy S21,LM-G910N,차단됨,마이크 사용,0
2025-01-10 04:06:56,M51012,오서현,063-301-2153,Galaxy Note20,SM-N986N,정상,카메라 접근,0
2025-01-26 08:50:40,M61662,이정숙,016-942-2599,iPhone 13,A2633,위험 감지,마이크 사용,0
2025-04-14 21:11:18,M90151,이옥자,044-573-4935,iPhone 13,SM-N986N,차단됨,정상,0
2025-06-01 18:53:45,M84964,김서연,052-271-5429,LG Velvet,SM-N986N,차단됨,위치 정보 요청,0
2025-05-29 13:25:05,M87831,허예원,010-6548-3118,LG Velvet,SM-G991N,위험 감지,위치 정보 요청,0
2025-05-15 09:51:27,M80275,강은경,019-881-2588,LG Velvet,SM-G991N,위험 감지,위치 정보 요청,0
2025-06-17 15:57:18,M78843,이미숙,010-4673-0748,Galaxy Note20,A2633,위험 감지,카메라 접근,0
2025-05-15 23:19:54,M94068,김서현,033-351-3887,LG Velvet,A2633,위험 감지,마이크 사용,0
2025-03-02 09:05:02,M15047,이혜진,016-687-8001,Galaxy S21,SM-N986N,위험 감지,정상,0
2025-04-20 09:05:43,M78242,김시우,055-550-4361,Galaxy S21,SM-N986N,위험 감지,마이크 사용,0
2025-05-29 22:05:32,M24328,박현준,070-5360-1702,LG Velvet,SM-N986N,위험 감지,카메라 접근,0
2025-02-08 19:44:52,M69193,이수진,064-756-8892,LG Velvet,SM-G991N,위험 감지,정상,0
2025-06-21 14:37:02,M69886,이선영,053-329-1182,Galaxy Note20,SM-N986N,위험 감지,마이크 사용,0
2025-01-29 18:26:23,M15559,안경숙,055-668-6536,Galaxy Note20,A2633,위험 감지,마이크 사용,0
2025-02-17 12:05:47,M42207,김예준,019-920-1494,Galaxy S21,A2633,위험 감지,위치 정보 요청,0
2025-01-23 22:21:14,M77987,허영수,052-319-2099,Galaxy Note20,LM-G910N,정상,마이크 사용,0
2025-04-11 01:05:07,M80499,한주원,061-857-3263,LG Velvet,SM-N986N,정상,마이크 사용,0
2025-03-03 13:14:54,M61853,백성수,051-963-5706,Galaxy Note20,SM-G991N,위험 감지,카메라 접근,0
2025-02-15 01:47:46,M15144,박정자,031-666-8435,LG Velvet,LM-G910N,정상,정상,0
2025-05-18 14:11:52,M83098,손상훈,011-919-0403,Galaxy S21,SM-G991N,위험 감지,위치 정보 요청,0
2025-04-07 18:31:24,M60777,임재현,011-439-4680,iPhone 13,SM-G991N,차단됨,카메라 접근,0
2025-05-21 14:16:47,M77649,한선영,041-938-5350,Galaxy Note20,SM-N986N,정상,마이크 사용,0
2025-01-04 13:21:32,M92660,진유진,042-113-7499,Galaxy S21,SM-N986N,위험 감지,정상,0
2025-03-18 07:15:37,M16461,김수민,062-769-8183,Galaxy S21,SM-N986N,정상,위치 정보 요청,0
2025-06-11 03:10:32,M34884,고하은,063-277-1163,Galaxy Note20,LM-G910N,위험 감지,위치 정보 요청,0
2025-04-12 13:09:10,M48165,이아름,051-066-0488,iPhone 13,SM-G991N,차단됨,정상,0
2025-01-05 17:19:14,M67613,김지원,011-023-5223,LG Velvet,SM-N986N,차단됨,마이크 사용,0
2025-02-10 07:07:26,M62171,박서준,053-090-1616,Galaxy S21,SM-N986N,차단됨,정상,0
2025-07-11 19:07:07,M49918,오재호,063-440-6266,Galaxy S21,SM-N986N,차단됨,위치 정보 요청,0
2025-05-03 14:43:43,M47475,이서연,042-427-0815,iPhone 13,SM-N986N,정상,마이크 사용,0
2025-07-01 15:29:27,M70469,최동현,062-062-6521,LG Velvet,A2633,위험 감지,마이크 사용,0
2025-02-04 05:53:56,M31821,최정호,062-130-7831,Galaxy S21,SM-G991N,정상,마이크 사용,0
2025-07-08 16:40:03,M65372,고영수,019-222-6449,iPhone 13,SM-G991N,정상,정상,0
2025-02-14 13:10:38,M48590,류성민,016-291-3607,Galaxy Note20,SM-N986N,정상,정상,0
2025-07-11 20:06:16,M90364,박정호,031-331-7014,iPhone 13,LM-G910N,정상,마이크 사용,0
2025-03-20 09:39:53,M17149,강지우,070-0924-5412,iPhone 13,SM-G991N,위험 감지,카메라 접근,0
2025-06-06 10:52:18,M77760,주현숙,044-767-0307,Galaxy S21,LM-G910N,정상,위치 정보 요청,0
2025-03-02 20:41:30,M28643,오상훈,064-738-3993,LG Velvet,SM-N986N,차단됨,마이크 사용,0
2025-01-18 18:25:18,M70762,김종수,052-697-3039,Galaxy Note20,SM-N986N,정상,정상,0
2025-04-01 02:55:11,M94685,강민서,032-474-8397,iPhone 13,SM-G991N,위험 감지,정상,0
2025-05-30 02:36:28,M69204,이재호,062-805-6277,Galaxy Note20,SM-N986N,정상,위치 정보 요청,0
2025-06-04 04:25:40,M21854,박현숙,017-571-6245,LG Velvet,LM-G910N,차단됨,위치 정보 요청,0
2025-02-28 07:49:38,M75622,권상철,070-9863-3526,Galaxy Note20,SM-N986N,위험 감지,카메라 접근,0
2025-07-04 06:02:06,M24833,김영식,044-854-2455,Galaxy Note20,SM-N986N,위험 감지,정상,0
2025-03-11 23:24:22,M33562,이미경,033-681-7107,Galaxy S21,SM-G991N,위험 감지,카메라 접근,0
2025-04-18 22:03:05,M86735,백예은,051-382-5239,LG Velvet,A2633,차단됨,위치 정보 요청,0
2025-04-28 18:53:19,M81618,이도현,064-755-4178,iPhone 13,LM-G910N,차단됨,정상,0
2025-07-06 18:46:14,M27734,김정훈,064-774-4503,Galaxy S21,A2633,위험 감지,위치 정보 요청,0
2025-03-01 01:01:22,M61520,구명자,016-690-1936,Galaxy S21,SM-N986N,정상,정상,0
2025-04-15 14:06:24,M64206,최옥순,016-228-0022,iPhone 13,LM-G910N,차단됨,카메라 접근,0
2025-05-11 09:11:40,M52396,이지혜,032-900-8949,LG Velvet,SM-N986N,차단됨,마이크 사용,0
2025-04-08 20:21:23,M69098,박건우,02-7433-0258,Galaxy Note20,A2633,정상,카메라 접근,0
2025-06-29 11:55:45,M13265,우영숙,061-893-0392,LG Velvet,A2633,차단됨,위치 정보 요청,0
2025-05-02 01:25:00,M33445,박지영,018-082-1980,LG Velvet,LM-G910N,차단됨,위치 정보 요청,0
2025-07-04 23:45:55,M69464,최정수,043-732-8978,Galaxy Note20,SM-N986N,차단됨,마이크 사용,0
2025-01-14 04:34:43,M87373,최영희,054-559-3580,Galaxy Note20,A2633,위험 감지,마이크 사용,0
2025-03-18 18:08:40,M36467,송영길,033-808-1293,Galaxy Note20,LM-G910N,정상,마이크 사용,0
2025-06-17 03:00:18,M69596,박현주,063-060-9142,LG Velvet,SM-N986N,위험 감지,위치 정보 요청,0
2025-01-21 19:53:36,M21820,조성호,055-583-5737,iPhone 13,SM-N986N,위험 감지,카메라 접근,0
2025-07-13 03:27:40,M42778,박재현,063-038-2495,LG Velvet,LM-G910N,위험 감지,마이크 사용,0
2025-02-18 04:06:16,M52477,한현정,011-011-6938,iPhone 13,SM-N986N,위험 감지,정상,1
2025-01-20 02:34:09,M95010,안영순,064-791-8695,LG Velvet,A2633,위험 감지,위치 정보 요청,0
2025-06-26 00:10:22,M31495,김영수,061-385-5371,iPhone 13,A2633,차단됨,위치 정보 요청,0
2025-04-16 23:15:59,M26193,김정남,019-529-5490,Galaxy Note20,LM-G910N,차단됨,카메라 접근,0
2025-01-05 15:36:31,M21952,김성훈,032-838-2107,LG Velvet,SM-G991N,정상,카메라 접근,0
2025-01-05 07:33:20,M24963,허민준,017-015-4595,LG Velvet,SM-N986N,위험 감지,마이크 사용,0
2025-01-14 10:51:03,M68903,장윤서,017-267-2574,Galaxy S21,A2633,차단됨,위치 정보 요청,0
2025-03-19 11:35:34,M93109,김윤서,016-166-1681,iPhone 13,A2633,차단됨,정상,0
2025-03-03 18:53:10,M57571,곽수빈,041-033-8780,LG Velvet,A2633,정상,마이크 사용,0
2025-04-11 00:03:01,M21181,최영숙,011-258-5248,LG Velvet,A2633,위험 감지,카메라 접근,0
2025-03-18 08:04:23,M78657,오은서,041-952-6077,Galaxy Note20,SM-N986N,정상,정상,0
2025-01-02 12:36:07,M60343,강상호,063-878-5422,iPhone 13,SM-G991N,정상,카메라 접근,0
2025-06-15 10:09:36,M77065,이영일,055-850-3267,iPhone 13,SM-N986N,차단됨,마이크 사용,0
2025-01-31 20:30:54,M90225,김성호,042-124-0028,LG Velvet,SM-N986N,차단됨,정상,0
2025-03-05 05:15:52,M30958,박주원,010-6148-8438,iPhone 13,LM-G910N,정상,카메라 접근,0
2025-01-10 07:27:55,M59634,이경숙,043-006-0103,iPhone 13,A2633,위험 감지,위치 정보 요청,0
2025-04-04 07:06:37,M82134,김동현,019-732-0542,iPhone 13,A2633,정상,위치 정보 요청,0
2025-06-06 11:16:15,M59886,김영호,016-137-9061,iPhone 13,SM-G991N,차단됨,마이크 사용,0
2025-04-12 09:25:39,M15754,김주원,043-087-8322,iPhone 13,SM-G991N,차단됨,정상,0
2025-02-09 06:42:45,M32398,박경희,010-6228-5796,Galaxy S21,LM-G910N,차단됨,카메라 접근,0
2025-02-22 07:56:12,M53934,황선영,017-190-1596,Galaxy S21,LM-G910N,위험 감지,카메라 접근,0
2025-06-26 16:45:03,M84120,류정숙,010-2639-1433,LG Velvet,LM-G910N,차단됨,위치 정보 요청,0
2025-06-28 20:54:32,M96445,김유진,053-431-0773,iPhone 13,A2633,위험 감지,마이크 사용,0
2025-05-08 02:22:07,M29672,이정순,070-6212-4088,Galaxy Note20,A2633,위험 감지,정상,0
2025-02-05 08:12:26,M31249,김서영,02-7569-3390,LG Velvet,SM-G991N,정상,위치 정보 요청,0
2025-03-11 19:34:37,M28953,김경희,062-638-2449,LG Velvet,SM-G991N,위험 감지,위치 정보 요청,0
2025-03-24 00:30:28,M33444,박순옥,018-080-7370,iPhone 13,LM-G910N,정상,위치 정보 요청,0
2025-04-08 07:07:36,M16725,황지은,061-052-2255,iPhone 13,SM-N986N,위험 감지,카메라 접근,0
2025-04-18 21:11:52,M64995,김성진,018-683-6971,Galaxy S21,SM-G991N,차단됨,마이크 사용,0
2025-01-26 10:21:09,M50378,이성수,031-973-8803,LG Velvet,A2633,위험 감지,위치 정보 요청,0
2025-07-03 01:02:01,M50569,홍도윤,018-814-3970,LG Velvet,SM-G991N,정상,위치 정보 요청,0
2025-04-10 20:00:07,M68491,주영수,062-009-6745,iPhone 13,A2633,위험 감지,카메라 접근,0
2025-05-13 23:49:44,M47851,김종수,043-446-6191,LG Velvet,SM-N986N,위험 감지,정상,0
2025-04-15 06:49:37,M92110,김예진,063-381-1297,Galaxy Note20,LM-G910N,차단됨,정상,1
2025-05-20 22:29:38,M33684,안예준,053-202-8737,iPhone 13,LM-G910N,정상,정상,0
2025-04-15 11:43:01,M25408,이지연,011-435-4915,LG Velvet,LM-G910N,위험 감지,카메라 접근,0
2025-01-14 20:57:35,M27245,이정남,02-5699-8089,Galaxy S21,SM-G991N,정상,카메라 접근,0
2025-03-02 05:14:32,M36588,김서윤,051-765-3368,Galaxy S21,LM-G910N,차단됨,마이크 사용,1
2025-03-21 07:30:00,M10463,김현숙,064-751-6802,Galaxy Note20,A2633,정상,정상,0
2025-03-18 22:19:05,M91600,윤유진,055-883-6830,Galaxy Note20,SM-G991N,위험 감지,카메라 접근,0
2025-01-29 04:15:42,M43175,이명숙,010-8816-2702,iPhone 13,SM-G991N,차단됨,정상,0
2025-06-05 20:22:34,M11600,김경자,019-583-5283,Galaxy Note20,SM-N986N,정상,마이크 사용,0
2025-07-07 06:00:27,M70115,이재호,033-346-9168,LG Velvet,SM-N986N,위험 감지,위치 정보 요청,0
2025-04-06 08:29:36,M75225,류성훈,017-624-9778,iPhone 13,SM-G991N,차단됨,정상,0
2025-01-20 23:39:49,M75358,전은지,063-594-9574,Galaxy S21,SM-G991N,위험 감지,위치 정보 요청,0
2025-04-29 00:07:54,M81237,김지아,011-525-9933,LG Velvet,SM-G991N,위험 감지,위치 정보 요청,0
2025-05-02 03:52:20,M10753,한민지,017-990-4883,LG Velvet,SM-G991N,정상,마이크 사용,0
2025-04-15 05:53:16,M89689,홍경자,032-955-0492,Galaxy Note20,SM-G991N,위험 감지,마이크 사용,0
2025-04-08 11:55:06,M74679,박영수,064-749-5866,LG Velvet,A2633,위험 감지,위치 정보 요청,0
2025-01-10 13:14:58,M41179,권경희,061-669-3325,iPhone 13,SM-G991N,차단됨,정상,0
2025-04-01 01:53:55,M38426,박채원,061-141-9247,Galaxy Note20,A2633,위험 감지,위치 정보 요청,0
2025-01-27 16:42:00,M87183,홍정숙,053-452-6144,LG Velvet,LM-G910N,차단됨,카메라 접근,0
2025-01-29 20:40:17,M96438,박민준,033-818-6349,Galaxy S21,A2633,차단됨,카메라 접근,0
2025-05-10 06:06:32,M72352,김영철,018-082-7927,Galaxy Note20,LM-G910N,위험 감지,카메라 접근,0
2025-07-02 13:53:27,M69472,이승민,053-236-5858,Galaxy S21,SM-N986N,위험 감지,카메라 접근,0
2025-04-10 23:33:33,M63759,이정웅,011-714-2246,iPhone 13,SM-N986N,차단됨,마이크 사용,0
2025-03-19 00:57:23,M67917,박지은,017-439-8883,Galaxy S21,SM-G991N,정상,정상,0
2025-05-18 10:14:29,M20407,박현우,019-956-8272,LG Velvet,A2633,차단됨,마이크 사용,0
2025-02-16 03:33:23,M88802,김지현,070-8520-2867,Galaxy S21,LM-G910N,정상,카메라 접근,0
2025-06-25 18:44:57,M88656,장아름,051-709-0315,Galaxy Note20,LM-G910N,정상,위치 정보 요청,0
2025-04-12 10:06:15,M10861,손시우,064-778-7670,iPhone 13,A2633,정상,카메라 접근,0
2025-01-05 06:58:10,M42075,심유진,042-570-1002,Galaxy Note20,SM-G991N,위험 감지,위치 정보 요청,0
2025-06-30 15:41:19,M81741,조서현,042-170-1130,LG Velvet,A2633,차단됨,정상,0
2025-05-21 10:52:15,M46452,황수진,061-594-4289,Galaxy S21,SM-N986N,차단됨,카메라 접근,0
2025-06-07 22:39:51,M91233,심승현,032-325-7413,LG Velvet,SM-N986N,차단됨,카메라 접근,0
2025-05-06 09:55:19,M92396,이은경,017-043-7214,Galaxy S21,SM-G991N,차단됨,카메라 접근,0
2025-04-24 11:43:18,M83079,조옥자,052-227-0667,iPhone 13,A2633,차단됨,카메라 접근,0
2025-05-14 08:28:39,M37215,이정호,062-331-7613,iPhone 13,SM-N986N,위험 감지,정상,0
2025-06-30 03:19:05,M16411,김경수,043-037-4638,LG Velvet,LM-G910N,위험 감지,카메라 접근,0
2025-05-04 23:54:59,M34227,이영숙,055-023-4509,iPhone 13,LM-G910N,정상,위치 정보 요청,0
2025-05-03 09:16:32,M29432,이미숙,052-314-9142,Galaxy S21,A2633,위험 감지,정상,0
2025-05-04 16:05:33,M17217,김선영,043-986-5870,Galaxy S21,SM-G991N,정상,마이크 사용,0
2025-06-25 17:44:47,M95626,강성훈,043-546-5544,Galaxy Note20,LM-G910N,차단됨,카메라 접근,0
2025-02-19 10:34:00,M55746,박현지,041-453-7121,Galaxy S21,LM-G910N,위험 감지,카메라 접근,0
2025-06-12 22:55:14,M14813,김미영,055-241-9928,Galaxy Note20,SM-N986N,정상,위치 정보 요청,0
2025-05-13 03:27:12,M29054,이지현,017-542-4684,iPhone 13,LM-G910N,위험 감지,정상,0
2025-01-28 17:34:12,M14250,이영일,064-743-7444,Galaxy Note20,A2633,정상,카메라 접근,0
2025-06-04 07:17:07,M97424,서은지,031-311-8408,LG Velvet,A2633,위험 감지,정상,0
2025-03-23 10:50:44,M85771,차지아,010-3677-0629,Galaxy S21,SM-N986N,차단됨,정상,0
2025-06-06 06:36:56,M89073,김예은,018-519-9140,LG Velvet,A2633,위험 감지,위치 정보 요청,0
2025-01-21 17:57:07,M49117,최옥순,017-004-1965,Galaxy Note20,A2633,차단됨,위치 정보 요청,0
2025-03-07 15:46:01,M53399,김승민,033-938-2108,iPhone 13,SM-N986N,위험 감지,마이크 사용,0
2025-06-30 04:14:44,M21495,김서준,042-539-3582,Galaxy Note20,SM-N986N,정상,카메라 접근,0
2025-04-26 01:16:23,M16426,최성훈,041-961-1200,LG Velvet,SM-N986N,정상,카메라 접근,0
2025-06-16 09:54:32,M24272,박은경,051-914-5418,Galaxy Note20,SM-N986N,정상,마이크 사용,0
2025-02-17 02:23:28,M64651,이도윤,055-934-8781,LG Velvet,LM-G910N,차단됨,위치 정보 요청,0
2025-04-01 18:11:05,M33363,손지연,016-438-9971,Galaxy S21,SM-G991N,차단됨,위치 정보 요청,0
2025-04-13 20:43:32,M31146,김경숙,02-7651-3780,LG Velvet,SM-N986N,정상,정상,0
2025-02-25 13:34:04,M98092,류선영,053-327-6830,LG Velvet,A2633,정상,위치 정보 요청,0
2025-03-02 18:12:54,M47274,류성민,054-493-4378,LG Velvet,SM-G991N,차단됨,정상,0
2025-06-14 21:55:35,M90096,이민준,043-462-3505,LG Velvet,SM-G991N,차단됨,마이크 사용,0
2025-02-10 22:10:09,M96628,허도윤,017-191-2976,Galaxy Note20,SM-G991N,위험 감지,정상,0
2025-06-18 07:45:16,M87983,박진우,018-029-3140,Galaxy S21,LM-G910N,정상,마이크 사용,0
2025-01-31 09:43:56,M85010,김정웅,017-013-5481,iPhone 13,LM-G910N,정상,마이크 사용,0
2025-04-16 08:40:07,M83685,이지영,018-822-8780,Galaxy Note20,SM-N986N,정상,마이크 사용,0
2025-06-23 06:49:37,M33254,이수빈,044-042-0836,Galaxy Note20,A2633,정상,마이크 사용,0
2025-05-22 01:19:54,M69682,한서현,061-902-5929,Galaxy Note20,SM-N986N,위험 감지,위치 정보 요청,0
2025-06-01 07:42:49,M85886,이영식,042-548-1296,LG Velvet,SM-G991N,위험 감지,카메라 접근,0
2025-05-12 16:53:35,M57210,나은정,032-200-7129,iPhone 13,SM-N986N,정상,마이크 사용,0
2025-07-02 04:09:35,M14697,이병철,061-691-7115,Galaxy Note20,SM-G991N,정상,정상,0
2025-04-12 04:41:22,M22206,이정순,033-549-1560,Galaxy Note20,A2633,위험 감지,카메라 접근,0
2025-05-15 02:35:03,M49229,이준호,054-630-3007,iPhone 13,SM-G991N,차단됨,정상,0
2025-02-07 23:15:13,M52312,류은영,041-063-0056,Galaxy S21,LM-G910N,차단됨,정상,0
2025-06-28 01:37:02,M58309,장영식,053-836-6775,iPhone 13,SM-N986N,정상,정상,0
2025-01-15 08:21:08,M59668,김춘자,051-911-4947,iPhone 13,SM-N986N,위험 감지,마이크 사용,0
2025-02-20 07:33:24,M18869,김시우,018-127-5013,LG Velvet,LM-G910N,정상,카메라 접근,0
2025-06-05 15:51:33,M66010,오상현,070-9696-7295,Galaxy Note20,LM-G910N,위험 감지,마이크 사용,0
2025-01-02 01:39:06,M82151,박정순,055-526-7854,LG Velvet,LM-G910N,차단됨,위치 정보 요청,0
2025-06-25 16:01:24,M18509,이성현,010-4431-0662,Galaxy S21,SM-G991N,정상,마이크 사용,0
2025-06-01 23:12:13,M48382,이수빈,061-097-9972,Galaxy Note20,LM-G910N,정상,정상,0
2025-05-02 18:16:50,M71710,이경수,02-7699-4724,Galaxy S21,A2633,위험 감지,위치 정보 요청,0
2025-01-24 15:10:49,M27635,홍은경,054-896-2957,Galaxy S21,SM-N986N,위험 감지,카메라 접근,0
2025-04-08 01:55:10,M25993,이미경,063-423-1724,Galaxy Note20,SM-N986N,위험 감지,마이크 사용,0
2025-02-08 14:16:28,M45968,김지민,010-6703-7361,LG Velvet,A2633,정상,위치 정보 요청,0
2025-01-03 10:57:40,M53150,김진우,018-602-3821,Galaxy Note20,SM-N986N,정상,마이크 사용,0
2025-03-25 21:39:59,M79081,고정남,019-798-6085,iPhone 13,LM-G910N,정상,마이크 사용,0
2025-07-07 03:30:11,M64232,강서윤,054-200-5660,Galaxy Note20,SM-N986N,차단됨,마이크 사용,0
2025-01-08 03:11:13,M78766,이성수,044-117-7727,iPhone 13,A2633,위험 감지,정상,0
2025-05-23 05:24:53,M37504,권선영,054-557-4180,iPhone 13,LM-G910N,위험 감지,정상,0
2025-04-24 00:34:13,M37400,김재호,032-189-7938,iPhone 13,SM-G991N,차단됨,정상,0
2025-03-23 20:03:31,M90223,이정수,055-136-5971,Galaxy Note20,SM-G991N,정상,카메라 접근,0
2025-02-14 04:06:23,M17626,이옥순,032-245-4908,LG Velvet,LM-G910N,위험 감지,마이크 사용,0
2025-03-12 04:02:46,M24326,김재호,031-911-5226,Galaxy Note20,SM-N986N,정상,마이크 사용,1
2025-02-24 09:13:53,M84890,송서준,070-4949-5829,Galaxy S21,A2633,정상,마이크 사용,0
2025-04-20 19:31:38,M92441,김지은,064-766-8756,LG Velvet,LM-G910N,정상,마이크 사용,0
2025-06-02 21:56:38,M79330,성정식,063-164-9622,LG Velvet,A2633,위험 감지,카메라 접근,0
2025-05-15 20:31:20,M21491,송영수,016-233-8645,Galaxy Note20,SM-G991N,위험 감지,마이크 사용,0
2025-05-15 23:37:25,M73394,양영자,053-123-1253,Galaxy Note20,LM-G910N,차단됨,카메라 접근,0
2025-07-15 09:09:23,M89269,양수빈,053-280-1110,iPhone 13,LM-G910N,차단됨,위치 정보 요청,0
2025-01-19 05:49:01,M47642,김도윤,044-420-1379,Galaxy S21,A2633,위험 감지,정상,0
2025-04-22 20:31:54,M65974,최승현,019-564-7644,Galaxy S21,SM-G991N,정상,정상,0
2025-01-10 13:32:37,M89802,이정식,064-738-5698,iPhone 13,SM-G991N,차단됨,카메라 접근,0
2025-06-07 09:56:53,M51482,박지영,041-547-6289,LG Velvet,LM-G910N,차단됨,정상,0
2025-03-12 22:09:19,M44034,이윤서,019-334-8032,LG Velvet,A2633,위험 감지,정상,0
2025-02-12 10:40:08,M78864,문정숙,017-830-7625,Galaxy Note20,LM-G910N,차단됨,카메라 접근,0
2025-06-11 09:34:20,M85385,이영순,054-251-0036,Galaxy S21,SM-N986N,정상,카메라 접근,0
2025-03-11 03:19:11,M91689,박아름,070-5945-0183,LG Velvet,SM-G991N,차단됨,위치 정보 요청,0
2025-06-22 09:24:38,M56380,김은서,053-531-6206,Galaxy Note20,SM-G991N,차단됨,정상,0
2025-05-21 09:20:43,M27001,손경숙,062-335-0402,iPhone 13,LM-G910N,차단됨,정상,0
2025-06-29 01:22:27,M90516,김미경,010-8721-0793,Galaxy Note20,LM-G910N,위험 감지,마이크 사용,0
2025-05-30 13:39:22,M83745,이민석,031-061-5579,iPhone 13,LM-G910N,위험 감지,마이크 사용,0
2025-05-05 05:50:32,M75063,이영수,062-509-8753,Galaxy S21,SM-G991N,정상,위치 정보 요청,0
2025-02-13 09:25:52,M78118,권시우,062-515-1978,Galaxy S21,SM-G991N,정상,카메라 접근,0
2025-02-14 17:05:43,M92818,박민준,016-593-6800,LG Velvet,SM-G991N,정상,카메라 접근,0
2025-02-23 20:16:16,M75239,서성민,044-585-4592,Galaxy Note20,SM-N986N,위험 감지,정상,0
2025-01-29 09:19:04,M74553,최준서,052-778-0730,Galaxy S21,LM-G910N,정상,카메라 접근,0
2025-02-09 12:53:39,M33580,권종수,063-165-5139,LG Velvet,SM-G991N,위험 감지,카메라 접근,0
2025-05-13 10:08:36,M89876,장옥자,018-021-5912,Galaxy Note20,SM-N986N,차단됨,위치 정보 요청,0
2025-02-23 06:08:48,M40503,박옥자,063-178-8686,Galaxy Note20,LM-G910N,정상,마이크 사용,0
2025-01-17 23:25:38,M48074,김옥자,019-450-3093,LG Velvet,A2633,차단됨,마이크 사용,0
2025-03-28 02:17:21,M35369,오옥자,044-739-5508,Galaxy Note20,A2633,위험 감지,마이크 사용,0
2025-04-24 04:38:12,M10207,김경자,051-662-9363,Galaxy S21,LM-G910N,차단됨,위치 정보 요청,0
2025-02-12 11:48:57,M25493,윤영자,042-047-8163,LG Velvet,LM-G910N,위험 감지,정상,0
2025-05-28 14:06:36,M13143,성영철,041-306-2416,Galaxy S21,LM-G910N,위험 감지,위치 정보 요청,0
2025-01-15 07:35:05,M70933,박도윤,018-142-4994,LG Velvet,A2633,위험 감지,정상,0
2025-02-08 08:22:00,M91980,이준혁,032-991-2206,iPhone 13,SM-N986N,차단됨,위치 정보 요청,0
2025-03-28 06:13:46,M25456,김준호,043-217-4511,Galaxy S21,A2633,정상,위치 정보 요청,0
2025-03-23 14:02:08,M37175,김주원,063-153-8206,iPhone 13,SM-G991N,차단됨,정상,0
2025-03-31 04:26:26,M90649,김지연,064-751-2087,LG Velvet,LM-G910N,정상,카메라 접근,0
2025-04-30 10:34:01,M64346,이정웅,061-758-9987,Galaxy Note20,A2633,위험 감지,마이크 사용,0
2025-05-27 07:06:03,M64269,양미경,018-665-8343,iPhone 13,LM-G910N,차단됨,카메라 접근,0
2025-07-13 19:24:35,M15962,김지영,041-447-1531,LG Velvet,SM-N986N,위험 감지,마이크 사용,0
2025-01-15 18:55:20,M53750,김은경,043-541-6041,iPhone 13,SM-G991N,위험 감지,정상,0
2025-01-05 10:05:12,M55829,이예은,02-3334-0960,Galaxy S21,A2633,차단됨,정상,0
2025-02-27 05:28:04,M83454,강서현,033-033-1472,LG Velvet,SM-N986N,차단됨,카메라 접근,0
2025-01-17 19:05:28,M93558,권도윤,064-772-4249,LG Velvet,SM-N986N,위험 감지,위치 정보 요청,0
2025-04-12 07:39:34,M37831,김옥자,043-975-8122,Galaxy Note20,SM-G991N,위험 감지,위치 정보 요청,0
2025-04-22 21:23:57,M11480,강준서,018-886-9430,LG Velvet,SM-G991N,차단됨,정상,0
2025-01-15 04:47:38,M93967,황서현,062-827-6743,Galaxy S21,SM-G991N,정상,카메라 접근,0
2025-06-11 22:23:44,M36370,김은영,018-018-5698,LG Velvet,SM-N986N,위험 감지,위치 정보 요청,0
2025-07-16 23:04:42,M46913,김채원,070-4898-0604,LG Velvet,A2633,정상,위치 정보 요청,0
2025-04-13 18:54:01,M43347,서현정,070-6676-4064,Galaxy S21,SM-N986N,정상,위치 정보 요청,0
2025-07-07 11:52:45,M18891,이진호,051-246-6985,iPhone 13,A2633,차단됨,위치 정보 요청,0
2025-02-28 12:11:45,M50340,박영일,02-7143-3810,iPhone 13,SM-N986N,차단됨,마이크 사용,0
2025-01-01 15:55:33,M49358,박은경,055-425-6732,Galaxy S21,SM-G991N,위험 감지,카메라 접근,0
2025-06-28 23:11:11,M76412,서지원,062-534-0809,iPhone 13,LM-G910N,위험 감지,카메라 접근,0
2025-02-20 20:30:26,M82088,김정웅,011-514-6457,LG Velvet,SM-N986N,위험 감지,정상,0
2025-02-13 17:37:32,M52457,장수민,061-911-1675,LG Velvet,SM-N986N,차단됨,카메라 접근,0
2025-05-05 04:34:55,M10803,이상훈,070-3697-8467,LG Velvet,LM-G910N,정상,카메라 접근,0
2025-03-16 12:11:34,M24920,김선영,064-783-7822,LG Velvet,SM-N986N,차단됨,정상,0
2025-01-30 18:10:25,M99893,손중수,032-038-7809,LG Velvet,SM-N986N,차단됨,위치 정보 요청,0
2025-02-20 06:55:48,M53684,박성현,010-3332-6729,Galaxy S21,SM-N986N,정상,마이크 사용,0
2025-02-12 02:25:19,M54742,나성훈,033-126-5680,LG Velvet,SM-N986N,위험 감지,마이크 사용,0
2025-06-09 22:57:48,M61910,박지민,051-953-1471,iPhone 13,SM-N986N,차단됨,카메라 접근,0
2025-07-07 22:58:30,M84569,박종수,063-291-6643,Galaxy S21,A2633,정상,마이크 사용,0
2025-03-21 21:41:11,M90739,최현우,011-926-7403,iPhone 13,A2633,정상,마이크 사용,0
2025-04-04 01:01:17,M13816,김현숙,031-773-0942,LG Velvet,A2633,정상,정상,0
2025-06-07 04:32:37,M33020,이아름,042-721-3764,LG Velvet,SM-N986N,위험 감지,카메라 접근,0
2025-05-11 17:10:30,M35430,최동현,018-876-9891,Galaxy Note20,SM-N986N,차단됨,카메라 접근,1
2025-03-31 14:55:58,M53321,김은주,011-472-3170,Galaxy Note20,A2633,차단됨,정상,0
